month_start_date,month_end_date,year,month,line_name,station_name,time_period,time_start,time_end,in_passengers,out_passengers,total_passengers
2015-01-01,2015-01-31,2015,1,2호선,홍대입구역,아침출근,06:00:00,09:00:00,234421,192374,426795
2015-01-01,2015-01-31,2015,1,경의중앙선,홍대입구역,아침출근,06:00:00,09:00:00,0,0,0
2015-01-01,2015-01-31,2015,1,경의중앙선,홍대입구역,아침출근,06:00:00,09:00:00,1870,6073,7943
2015-01-01,2015-01-31,2015,1,공항철도,홍대입구역,아침출근,06:00:00,09:00:00,23072,24281,47353
2015-01-01,2015-01-31,2015,1,2호선,홍대입구역,낮,09:00:00,18:00:00,881238,1357446,2238684
2015-01-01,2015-01-31,2015,1,경의중앙선,홍대입구역,낮,09:00:00,18:00:00,2,0,2
2015-01-01,2015-01-31,2015,1,경의중앙선,홍대입구역,낮,09:00:00,18:00:00,10587,29765,40352
2015-01-01,2015-01-31,2015,1,공항철도,홍대입구역,낮,09:00:00,18:00:00,88025,102899,190924
2015-01-01,2015-01-31,2015,1,2호선,홍대입구역,저녁퇴근,18:00:00,21:00:00,551506,647162,1198668
2015-01-01,2015-01-31,2015,1,경의중앙선,홍대입구역,저녁퇴근,18:00:00,21:00:00,0,0,0
2015-01-01,2015-01-31,2015,1,경의중앙선,홍대입구역,저녁퇴근,18:00:00,21:00:00,8116,9718,17834
2015-01-01,2015-01-31,2015,1,공항철도,홍대입구역,저녁퇴근,18:00:00,21:00:00,49273,45124,94397
2015-01-01,2015-01-31,2015,1,2호선,홍대입구역,밤,21:00:00,23:59:59,591296,254597,845893
2015-01-01,2015-01-31,2015,1,경의중앙선,홍대입구역,밤,21:00:00,23:59:59,0,0,0
2015-01-01,2015-01-31,2015,1,경의중앙선,홍대입구역,밤,21:00:00,23:59:59,9978,4305,14283
2015-01-01,2015-01-31,2015,1,공항철도,홍대입구역,밤,21:00:00,23:59:59,47266,22079,69345
2015-02-01,2015-02-28,2015,2,2호선,홍대입구역,아침출근,06:00:00,09:00:00,193523,156751,350274
2015-02-01,2015-02-28,2015,2,경의중앙선,홍대입구역,아침출근,06:00:00,09:00:00,1786,4165,5951
2015-02-01,2015-02-28,2015,2,공항철도,홍대입구역,아침출근,06:00:00,09:00:00,20245,19667,39912
2015-02-01,2015-02-28,2015,2,2호선,홍대입구역,낮,09:00:00,18:00:00,802716,1252389,2055105
2015-02-01,2015-02-28,2015,2,경의중앙선,홍대입구역,낮,09:00:00,18:00:00,9819,27427,37246
2015-02-01,2015-02-28,2015,2,공항철도,홍대입구역,낮,09:00:00,18:00:00,79802,93785,173587
2015-02-01,2015-02-28,2015,2,2호선,홍대입구역,저녁퇴근,18:00:00,21:00:00,503012,563516,1066528
2015-02-01,2015-02-28,2015,2,경의중앙선,홍대입구역,저녁퇴근,18:00:00,21:00:00,7432,9028,16460
2015-02-01,2015-02-28,2015,2,공항철도,홍대입구역,저녁퇴근,18:00:00,21:00:00,45186,40717,85903
2015-02-01,2015-02-28,2015,2,2호선,홍대입구역,밤,21:00:00,23:59:59,523857,225680,749537
2015-02-01,2015-02-28,2015,2,경의중앙선,홍대입구역,밤,21:00:00,23:59:59,7795,3952,11747
2015-02-01,2015-02-28,2015,2,공항철도,홍대입구역,밤,21:00:00,23:59:59,40501,20440,60941
2015-03-01,2015-03-31,2015,3,2호선,홍대입구역,아침출근,06:00:00,09:00:00,252281,223903,476184
2015-03-01,2015-03-31,2015,3,경의중앙선,홍대입구역,아침출근,06:00:00,09:00:00,2922,7721,10643
2015-03-01,2015-03-31,2015,3,공항철도,홍대입구역,아침출근,06:00:00,09:00:00,27416,28973,56389
2015-03-01,2015-03-31,2015,3,2호선,홍대입구역,낮,09:00:00,18:00:00,914599,1352139,2266738
2015-03-01,2015-03-31,2015,3,경의중앙선,홍대입구역,낮,09:00:00,18:00:00,12400,29622,42022
2015-03-01,2015-03-31,2015,3,공항철도,홍대입구역,낮,09:00:00,18:00:00,91623,106088,197711
2015-03-01,2015-03-31,2015,3,2호선,홍대입구역,저녁퇴근,18:00:00,21:00:00,579295,662660,1241955
2015-03-01,2015-03-31,2015,3,경의중앙선,홍대입구역,저녁퇴근,18:00:00,21:00:00,10154,11372,21526
2015-03-01,2015-03-31,2015,3,공항철도,홍대입구역,저녁퇴근,18:00:00,21:00:00,54721,49363,104084
2015-03-01,2015-03-31,2015,3,2호선,홍대입구역,밤,21:00:00,23:59:59,603175,267430,870605
2015-03-01,2015-03-31,2015,3,경의중앙선,홍대입구역,밤,21:00:00,23:59:59,10322,4739,15061
2015-03-01,2015-03-31,2015,3,공항철도,홍대입구역,밤,21:00:00,23:59:59,50602,24326,74928
2015-04-01,2015-04-30,2015,4,2호선,홍대입구역,아침출근,06:00:00,09:00:00,249678,221670,471348
2015-04-01,2015-04-30,2015,4,경의중앙선,홍대입구역,아침출근,06:00:00,09:00:00,3075,8070,11145
2015-04-01,2015-04-30,2015,4,공항철도,홍대입구역,아침출근,06:00:00,09:00:00,28505,28770,57275
2015-04-01,2015-04-30,2015,4,2호선,홍대입구역,낮,09:00:00,18:00:00,867148,1217604,2084752
2015-04-01,2015-04-30,2015,4,경의중앙선,홍대입구역,낮,09:00:00,18:00:00,12743,28741,41484
2015-04-01,2015-04-30,2015,4,공항철도,홍대입구역,낮,09:00:00,18:00:00,90574,103246,193820
2015-04-01,2015-04-30,2015,4,2호선,홍대입구역,저녁퇴근,18:00:00,21:00:00,517418,631796,1149214
2015-04-01,2015-04-30,2015,4,경의중앙선,홍대입구역,저녁퇴근,18:00:00,21:00:00,9832,12403,22235
2015-04-01,2015-04-30,2015,4,공항철도,홍대입구역,저녁퇴근,18:00:00,21:00:00,53349,49416,102765
2015-04-01,2015-04-30,2015,4,2호선,홍대입구역,밤,21:00:00,23:59:59,551645,269287,820932
2015-04-01,2015-04-30,2015,4,경의중앙선,홍대입구역,밤,21:00:00,23:59:59,10962,5305,16267
2015-04-01,2015-04-30,2015,4,공항철도,홍대입구역,밤,21:00:00,23:59:59,51020,25786,76806
2015-05-01,2015-05-31,2015,5,2호선,홍대입구역,아침출근,06:00:00,09:00:00,234500,197482,431982
2015-05-01,2015-05-31,2015,5,경의중앙선,홍대입구역,아침출근,06:00:00,09:00:00,0,0,0
2015-05-01,2015-05-31,2015,5,경의중앙선,홍대입구역,아침출근,06:00:00,09:00:00,3245,7799,11044
2015-05-01,2015-05-31,2015,5,공항철도,홍대입구역,아침출근,06:00:00,09:00:00,27734,26607,54341
2015-05-01,2015-05-31,2015,5,2호선,홍대입구역,낮,09:00:00,18:00:00,950091,1409443,2359534
2015-05-01,2015-05-31,2015,5,경의중앙선,홍대입구역,낮,09:00:00,18:00:00,1,0,1
2015-05-01,2015-05-31,2015,5,경의중앙선,홍대입구역,낮,09:00:00,18:00:00,15244,36446,51690
2015-05-01,2015-05-31,2015,5,공항철도,홍대입구역,낮,09:00:00,18:00:00,103235,117617,220852
2015-05-01,2015-05-31,2015,5,2호선,홍대입구역,저녁퇴근,18:00:00,21:00:00,561393,678587,1239980
2015-05-01,2015-05-31,2015,5,경의중앙선,홍대입구역,저녁퇴근,18:00:00,21:00:00,0,0,0
2015-05-01,2015-05-31,2015,5,경의중앙선,홍대입구역,저녁퇴근,18:00:00,21:00:00,11168,14491,25659
2015-05-01,2015-05-31,2015,5,공항철도,홍대입구역,저녁퇴근,18:00:00,21:00:00,58161,52614,110775
2015-05-01,2015-05-31,2015,5,2호선,홍대입구역,밤,21:00:00,23:59:59,616367,303498,919865
2015-05-01,2015-05-31,2015,5,경의중앙선,홍대입구역,밤,21:00:00,23:59:59,0,0,0
2015-05-01,2015-05-31,2015,5,경의중앙선,홍대입구역,밤,21:00:00,23:59:59,13300,6685,19985
2015-05-01,2015-05-31,2015,5,공항철도,홍대입구역,밤,21:00:00,23:59:59,58434,28572,87006
2015-06-01,2015-06-30,2015,6,2호선,홍대입구역,아침출근,06:00:00,09:00:00,228637,201747,430384
2015-06-01,2015-06-30,2015,6,경의중앙선,홍대입구역,아침출근,06:00:00,09:00:00,1,0,1
2015-06-01,2015-06-30,2015,6,경의중앙선,홍대입구역,아침출근,06:00:00,09:00:00,2988,8292,11280
2015-06-01,2015-06-30,2015,6,공항철도,홍대입구역,아침출근,06:00:00,09:00:00,26179,27490,53669
2015-06-01,2015-06-30,2015,6,2호선,홍대입구역,낮,09:00:00,18:00:00,711049,1062206,1773255
2015-06-01,2015-06-30,2015,6,경의중앙선,홍대입구역,낮,09:00:00,18:00:00,0,0,0
2015-06-01,2015-06-30,2015,6,경의중앙선,홍대입구역,낮,09:00:00,18:00:00,11774,25571,37345
2015-06-01,2015-06-30,2015,6,공항철도,홍대입구역,낮,09:00:00,18:00:00,77785,92252,170037
2015-06-01,2015-06-30,2015,6,2호선,홍대입구역,저녁퇴근,18:00:00,21:00:00,445769,546148,991917
2015-06-01,2015-06-30,2015,6,경의중앙선,홍대입구역,저녁퇴근,18:00:00,21:00:00,0,0,0
2015-06-01,2015-06-30,2015,6,경의중앙선,홍대입구역,저녁퇴근,18:00:00,21:00:00,9609,10883,20492
2015-06-01,2015-06-30,2015,6,공항철도,홍대입구역,저녁퇴근,18:00:00,21:00:00,49355,45425,94780
2015-06-01,2015-06-30,2015,6,2호선,홍대입구역,밤,21:00:00,23:59:59,489236,220856,710092
2015-06-01,2015-06-30,2015,6,경의중앙선,홍대입구역,밤,21:00:00,23:59:59,0,0,0
2015-06-01,2015-06-30,2015,6,경의중앙선,홍대입구역,밤,21:00:00,23:59:59,11596,4686,16282
2015-06-01,2015-06-30,2015,6,공항철도,홍대입구역,밤,21:00:00,23:59:59,51461,22298,73759
2015-07-01,2015-07-31,2015,7,2호선,홍대입구역,아침출근,06:00:00,09:00:00,235761,193243,429004
2015-07-01,2015-07-31,2015,7,경의중앙선,홍대입구역,아침출근,06:00:00,09:00:00,3024,8096,11120
2015-07-01,2015-07-31,2015,7,공항철도,홍대입구역,아침출근,06:00:00,09:00:00,26902,26406,53308
2015-07-01,2015-07-31,2015,7,2호선,홍대입구역,낮,09:00:00,18:00:00,793056,1233647,2026703
2015-07-01,2015-07-31,2015,7,경의중앙선,홍대입구역,낮,09:00:00,18:00:00,12406,30721,43127
2015-07-01,2015-07-31,2015,7,공항철도,홍대입구역,낮,09:00:00,18:00:00,86190,105312,191502
2015-07-01,2015-07-31,2015,7,2호선,홍대입구역,저녁퇴근,18:00:00,21:00:00,499575,618967,1118542
2015-07-01,2015-07-31,2015,7,경의중앙선,홍대입구역,저녁퇴근,18:00:00,21:00:00,10580,12201,22781
2015-07-01,2015-07-31,2015,7,공항철도,홍대입구역,저녁퇴근,18:00:00,21:00:00,53895,51037,104932
2015-07-01,2015-07-31,2015,7,2호선,홍대입구역,밤,21:00:00,23:59:59,550947,242186,793133
2015-07-01,2015-07-31,2015,7,경의중앙선,홍대입구역,밤,21:00:00,23:59:59,13057,5621,18678
2015-07-01,2015-07-31,2015,7,공항철도,홍대입구역,밤,21:00:00,23:59:59,57319,23635,80954
2015-08-01,2015-08-31,2015,8,2호선,홍대입구역,아침출근,06:00:00,09:00:00,221935,175208,397143
2015-08-01,2015-08-31,2015,8,경의중앙선,홍대입구역,아침출근,06:00:00,09:00:00,3067,7613,10680
2015-08-01,2015-08-31,2015,8,공항철도,홍대입구역,아침출근,06:00:00,09:00:00,26426,24163,50589
2015-08-01,2015-08-31,2015,8,2호선,홍대입구역,낮,09:00:00,18:00:00,845263,1316363,2161626
2015-08-01,2015-08-31,2015,8,경의중앙선,홍대입구역,낮,09:00:00,18:00:00,13134,33237,46371
2015-08-01,2015-08-31,2015,8,공항철도,홍대입구역,낮,09:00:00,18:00:00,96422,114311,210733
2015-08-01,2015-08-31,2015,8,2호선,홍대입구역,저녁퇴근,18:00:00,21:00:00,522343,623843,1146186
2015-08-01,2015-08-31,2015,8,경의중앙선,홍대입구역,저녁퇴근,18:00:00,21:00:00,10913,13003,23916
2015-08-01,2015-08-31,2015,8,공항철도,홍대입구역,저녁퇴근,18:00:00,21:00:00,56124,52114,108238
2015-08-01,2015-08-31,2015,8,2호선,홍대입구역,밤,21:00:00,23:59:59,563731,261111,824842
2015-08-01,2015-08-31,2015,8,경의중앙선,홍대입구역,밤,21:00:00,23:59:59,13105,6055,19160
2015-08-01,2015-08-31,2015,8,공항철도,홍대입구역,밤,21:00:00,23:59:59,57621,26178,83799
2015-09-01,2015-09-30,2015,9,2호선,홍대입구역,아침출근,06:00:00,09:00:00,225832,193312,419144
2015-09-01,2015-09-30,2015,9,경의중앙선,홍대입구역,아침출근,06:00:00,09:00:00,3350,8902,12252
2015-09-01,2015-09-30,2015,9,공항철도,홍대입구역,아침출근,06:00:00,09:00:00,27371,27062,54433
2015-09-01,2015-09-30,2015,9,2호선,홍대입구역,낮,09:00:00,18:00:00,790348,1163354,1953702
2015-09-01,2015-09-30,2015,9,경의중앙선,홍대입구역,낮,09:00:00,18:00:00,13930,31722,45652
2015-09-01,2015-09-30,2015,9,공항철도,홍대입구역,낮,09:00:00,18:00:00,93217,108353,201570
2015-09-01,2015-09-30,2015,9,2호선,홍대입구역,저녁퇴근,18:00:00,21:00:00,479432,588993,1068425
2015-09-01,2015-09-30,2015,9,경의중앙선,홍대입구역,저녁퇴근,18:00:00,21:00:00,11036,12543,23579
2015-09-01,2015-09-30,2015,9,공항철도,홍대입구역,저녁퇴근,18:00:00,21:00:00,55783,53083,108866
2015-09-01,2015-09-30,2015,9,2호선,홍대입구역,밤,21:00:00,23:59:59,505385,239788,745173
2015-09-01,2015-09-30,2015,9,경의중앙선,홍대입구역,밤,21:00:00,23:59:59,12967,5417,18384
2015-09-01,2015-09-30,2015,9,공항철도,홍대입구역,밤,21:00:00,23:59:59,56998,25990,82988
2015-10-01,2015-10-31,2015,10,2호선,홍대입구역,아침출근,06:00:00,09:00:00,242998,206106,449104
2015-10-01,2015-10-31,2015,10,경의중앙선,홍대입구역,아침출근,06:00:00,09:00:00,3528,9575,13103
2015-10-01,2015-10-31,2015,10,공항철도,홍대입구역,아침출근,06:00:00,09:00:00,28723,28561,57284
2015-10-01,2015-10-31,2015,10,2호선,홍대입구역,낮,09:00:00,18:00:00,905089,1304358,2209447
2015-10-01,2015-10-31,2015,10,경의중앙선,홍대입구역,낮,09:00:00,18:00:00,16081,36046,52127
2015-10-01,2015-10-31,2015,10,공항철도,홍대입구역,낮,09:00:00,18:00:00,100327,120943,221270
2015-10-01,2015-10-31,2015,10,2호선,홍대입구역,저녁퇴근,18:00:00,21:00:00,536112,653241,1189353
2015-10-01,2015-10-31,2015,10,경의중앙선,홍대입구역,저녁퇴근,18:00:00,21:00:00,12147,14393,26540
2015-10-01,2015-10-31,2015,10,공항철도,홍대입구역,저녁퇴근,18:00:00,21:00:00,58532,57391,115923
2015-10-01,2015-10-31,2015,10,2호선,홍대입구역,밤,21:00:00,23:59:59,555041,277050,832091
2015-10-01,2015-10-31,2015,10,경의중앙선,홍대입구역,밤,21:00:00,23:59:59,13646,6892,20538
2015-10-01,2015-10-31,2015,10,공항철도,홍대입구역,밤,21:00:00,23:59:59,58101,27992,86093
2015-11-01,2015-11-30,2015,11,2호선,홍대입구역,아침출근,06:00:00,09:00:00,237905,198066,435971
2015-11-01,2015-11-30,2015,11,경의중앙선,홍대입구역,아침출근,06:00:00,09:00:00,3519,8669,12188
2015-11-01,2015-11-30,2015,11,공항철도,홍대입구역,아침출근,06:00:00,09:00:00,27307,27511,54818
2015-11-01,2015-11-30,2015,11,2호선,홍대입구역,낮,09:00:00,18:00:00,861275,1237602,2098877
2015-11-01,2015-11-30,2015,11,경의중앙선,홍대입구역,낮,09:00:00,18:00:00,14499,33137,47636
2015-11-01,2015-11-30,2015,11,공항철도,홍대입구역,낮,09:00:00,18:00:00,94579,114652,209231
2015-11-01,2015-11-30,2015,11,2호선,홍대입구역,저녁퇴근,18:00:00,21:00:00,514467,616000,1130467
2015-11-01,2015-11-30,2015,11,경의중앙선,홍대입구역,저녁퇴근,18:00:00,21:00:00,10794,12670,23464
2015-11-01,2015-11-30,2015,11,공항철도,홍대입구역,저녁퇴근,18:00:00,21:00:00,52843,54127,106970
2015-11-01,2015-11-30,2015,11,2호선,홍대입구역,밤,21:00:00,23:59:59,538811,240579,779390
2015-11-01,2015-11-30,2015,11,경의중앙선,홍대입구역,밤,21:00:00,23:59:59,12451,5557,18008
2015-11-01,2015-11-30,2015,11,공항철도,홍대입구역,밤,21:00:00,23:59:59,50029,26019,76048
2015-12-01,2015-12-31,2015,12,2호선,홍대입구역,아침출근,06:00:00,09:00:00,237115,202979,440094
2015-12-01,2015-12-31,2015,12,경의중앙선,홍대입구역,아침출근,06:00:00,09:00:00,3419,9331,12750
2015-12-01,2015-12-31,2015,12,공항철도,홍대입구역,아침출근,06:00:00,09:00:00,27024,27128,54152
2015-12-01,2015-12-31,2015,12,2호선,홍대입구역,낮,09:00:00,18:00:00,953091,1434095,2387186
2015-12-01,2015-12-31,2015,12,경의중앙선,홍대입구역,낮,09:00:00,18:00:00,15017,37841,52858
2015-12-01,2015-12-31,2015,12,공항철도,홍대입구역,낮,09:00:00,18:00:00,103458,125346,228804
2015-12-01,2015-12-31,2015,12,2호선,홍대입구역,저녁퇴근,18:00:00,21:00:00,572234,696801,1269035
2015-12-01,2015-12-31,2015,12,경의중앙선,홍대입구역,저녁퇴근,18:00:00,21:00:00,11130,14254,25384
2015-12-01,2015-12-31,2015,12,공항철도,홍대입구역,저녁퇴근,18:00:00,21:00:00,55052,58406,113458
2015-12-01,2015-12-31,2015,12,2호선,홍대입구역,밤,21:00:00,23:59:59,634624,282942,917566
2015-12-01,2015-12-31,2015,12,경의중앙선,홍대입구역,밤,21:00:00,23:59:59,14134,6217,20351
2015-12-01,2015-12-31,2015,12,공항철도,홍대입구역,밤,21:00:00,23:59:59,55313,28273,83586
2016-01-01,2016-01-31,2016,1,2호선,홍대입구역,아침출근,06:00:00,09:00:00,224047,175551,399598
2016-01-01,2016-01-31,2016,1,경의중앙선,홍대입구역,아침출근,06:00:00,09:00:00,3070,7093,10163
2016-01-01,2016-01-31,2016,1,공항철도,홍대입구역,아침출근,06:00:00,09:00:00,24854,23389,48243
2016-01-01,2016-01-31,2016,1,2호선,홍대입구역,낮,09:00:00,18:00:00,869418,1354442,2223860
2016-01-01,2016-01-31,2016,1,경의중앙선,홍대입구역,낮,09:00:00,18:00:00,13495,37575,51070
2016-01-01,2016-01-31,2016,1,공항철도,홍대입구역,낮,09:00:00,18:00:00,98121,118190,216311
2016-01-01,2016-01-31,2016,1,2호선,홍대입구역,저녁퇴근,18:00:00,21:00:00,553895,630444,1184339
2016-01-01,2016-01-31,2016,1,경의중앙선,홍대입구역,저녁퇴근,18:00:00,21:00:00,10433,13837,24270
2016-01-01,2016-01-31,2016,1,공항철도,홍대입구역,저녁퇴근,18:00:00,21:00:00,52203,53052,105255
2016-01-01,2016-01-31,2016,1,2호선,홍대입구역,밤,21:00:00,23:59:59,583064,243219,826283
2016-01-01,2016-01-31,2016,1,경의중앙선,홍대입구역,밤,21:00:00,23:59:59,12230,5893,18123
2016-01-01,2016-01-31,2016,1,공항철도,홍대입구역,밤,21:00:00,23:59:59,48137,25977,74114
2016-02-01,2016-02-29,2016,2,2호선,홍대입구역,아침출근,06:00:00,09:00:00,198200,154752,352952
2016-02-01,2016-02-29,2016,2,경의중앙선,홍대입구역,아침출근,06:00:00,09:00:00,2841,5536,8377
2016-02-01,2016-02-29,2016,2,공항철도,홍대입구역,아침출근,06:00:00,09:00:00,23460,20850,44310
2016-02-01,2016-02-29,2016,2,2호선,홍대입구역,낮,09:00:00,18:00:00,832897,1317210,2150107
2016-02-01,2016-02-29,2016,2,경의중앙선,홍대입구역,낮,09:00:00,18:00:00,13480,35582,49062
2016-02-01,2016-02-29,2016,2,공항철도,홍대입구역,낮,09:00:00,18:00:00,93154,113438,206592
2016-02-01,2016-02-29,2016,2,2호선,홍대입구역,저녁퇴근,18:00:00,21:00:00,536865,583634,1120499
2016-02-01,2016-02-29,2016,2,경의중앙선,홍대입구역,저녁퇴근,18:00:00,21:00:00,10042,13645,23687
2016-02-01,2016-02-29,2016,2,공항철도,홍대입구역,저녁퇴근,18:00:00,21:00:00,49989,49518,99507
2016-02-01,2016-02-29,2016,2,2호선,홍대입구역,밤,21:00:00,23:59:59,542415,230087,772502
2016-02-01,2016-02-29,2016,2,경의중앙선,홍대입구역,밤,21:00:00,23:59:59,10197,5388,15585
2016-02-01,2016-02-29,2016,2,공항철도,홍대입구역,밤,21:00:00,23:59:59,43046,24516,67562
2016-03-01,2016-03-31,2016,3,2호선,홍대입구역,아침출근,06:00:00,09:00:00,245553,211827,457380
2016-03-01,2016-03-31,2016,3,경의중앙선,홍대입구역,아침출근,06:00:00,09:00:00,3754,8688,12442
2016-03-01,2016-03-31,2016,3,공항철도,홍대입구역,아침출근,06:00:00,09:00:00,30388,29446,59834
2016-03-01,2016-03-31,2016,3,2호선,홍대입구역,낮,09:00:00,18:00:00,918894,1349916,2268810
2016-03-01,2016-03-31,2016,3,경의중앙선,홍대입구역,낮,09:00:00,18:00:00,15807,36050,51857
2016-03-01,2016-03-31,2016,3,공항철도,홍대입구역,낮,09:00:00,18:00:00,103738,124013,227751
2016-03-01,2016-03-31,2016,3,2호선,홍대입구역,저녁퇴근,18:00:00,21:00:00,574347,655254,1229601
2016-03-01,2016-03-31,2016,3,경의중앙선,홍대입구역,저녁퇴근,18:00:00,21:00:00,11851,15020,26871
2016-03-01,2016-03-31,2016,3,공항철도,홍대입구역,저녁퇴근,18:00:00,21:00:00,59605,58389,117994
2016-03-01,2016-03-31,2016,3,2호선,홍대입구역,밤,21:00:00,23:59:59,599452,266774,866226
2016-03-01,2016-03-31,2016,3,경의중앙선,홍대입구역,밤,21:00:00,23:59:59,12613,5899,18512
2016-03-01,2016-03-31,2016,3,공항철도,홍대입구역,밤,21:00:00,23:59:59,52924,29142,82066
2016-04-01,2016-04-30,2016,4,2호선,홍대입구역,아침출근,06:00:00,09:00:00,234832,197798,432630
2016-04-01,2016-04-30,2016,4,경의중앙선,홍대입구역,아침출근,06:00:00,09:00:00,3819,8622,12441
2016-04-01,2016-04-30,2016,4,공항철도,홍대입구역,아침출근,06:00:00,09:00:00,30324,28940,59264
2016-04-01,2016-04-30,2016,4,2호선,홍대입구역,낮,09:00:00,18:00:00,877077,1274972,2152049
2016-04-01,2016-04-30,2016,4,경의중앙선,홍대입구역,낮,09:00:00,18:00:00,16384,37386,53770
2016-04-01,2016-04-30,2016,4,공항철도,홍대입구역,낮,09:00:00,18:00:00,105292,123131,228423
2016-04-01,2016-04-30,2016,4,2호선,홍대입구역,저녁퇴근,18:00:00,21:00:00,531435,633562,1164997
2016-04-01,2016-04-30,2016,4,경의중앙선,홍대입구역,저녁퇴근,18:00:00,21:00:00,11589,15844,27433
2016-04-01,2016-04-30,2016,4,공항철도,홍대입구역,저녁퇴근,18:00:00,21:00:00,58175,58652,116827
2016-04-01,2016-04-30,2016,4,2호선,홍대입구역,밤,21:00:00,23:59:59,562800,276570,839370
2016-04-01,2016-04-30,2016,4,경의중앙선,홍대입구역,밤,21:00:00,23:59:59,12508,6673,19181
2016-04-01,2016-04-30,2016,4,공항철도,홍대입구역,밤,21:00:00,23:59:59,54179,30275,84454
2016-05-01,2016-05-31,2016,5,2호선,홍대입구역,아침출근,06:00:00,09:00:00,244417,203527,447944
2016-05-01,2016-05-31,2016,5,경의중앙선,홍대입구역,아침출근,06:00:00,09:00:00,4230,9304,13534
2016-05-01,2016-05-31,2016,5,공항철도,홍대입구역,아침출근,06:00:00,09:00:00,31129,30022,61151
2016-05-01,2016-05-31,2016,5,2호선,홍대입구역,낮,09:00:00,18:00:00,932650,1381299,2313949
2016-05-01,2016-05-31,2016,5,경의중앙선,홍대입구역,낮,09:00:00,18:00:00,17541,41165,58706
2016-05-01,2016-05-31,2016,5,공항철도,홍대입구역,낮,09:00:00,18:00:00,111747,133086,244833
2016-05-01,2016-05-31,2016,5,2호선,홍대입구역,저녁퇴근,18:00:00,21:00:00,562291,659487,1221778
2016-05-01,2016-05-31,2016,5,경의중앙선,홍대입구역,저녁퇴근,18:00:00,21:00:00,12599,16815,29414
2016-05-01,2016-05-31,2016,5,공항철도,홍대입구역,저녁퇴근,18:00:00,21:00:00,61701,60203,121904
2016-05-01,2016-05-31,2016,5,2호선,홍대입구역,밤,21:00:00,23:59:59,597842,293518,891360
2016-05-01,2016-05-31,2016,5,경의중앙선,홍대입구역,밤,21:00:00,23:59:59,13705,7608,21313
2016-05-01,2016-05-31,2016,5,공항철도,홍대입구역,밤,21:00:00,23:59:59,58884,32169,91053
2016-06-01,2016-06-30,2016,6,2호선,홍대입구역,아침출근,06:00:00,09:00:00,235647,196450,432097
2016-06-01,2016-06-30,2016,6,경의중앙선,홍대입구역,아침출근,06:00:00,09:00:00,4322,8546,12868
2016-06-01,2016-06-30,2016,6,공항철도,홍대입구역,아침출근,06:00:00,09:00:00,31092,29474,60566
2016-06-01,2016-06-30,2016,6,2호선,홍대입구역,낮,09:00:00,18:00:00,868090,1297480,2165570
2016-06-01,2016-06-30,2016,6,경의중앙선,홍대입구역,낮,09:00:00,18:00:00,16099,36613,52712
2016-06-01,2016-06-30,2016,6,공항철도,홍대입구역,낮,09:00:00,18:00:00,106628,126425,233053
2016-06-01,2016-06-30,2016,6,2호선,홍대입구역,저녁퇴근,18:00:00,21:00:00,524151,621595,1145746
2016-06-01,2016-06-30,2016,6,경의중앙선,홍대입구역,저녁퇴근,18:00:00,21:00:00,11833,15858,27691
2016-06-01,2016-06-30,2016,6,공항철도,홍대입구역,저녁퇴근,18:00:00,21:00:00,60356,60218,120574
2016-06-01,2016-06-30,2016,6,2호선,홍대입구역,밤,21:00:00,23:59:59,568054,275732,843786
2016-06-01,2016-06-30,2016,6,경의중앙선,홍대입구역,밤,21:00:00,23:59:59,13409,7110,20519
2016-06-01,2016-06-30,2016,6,공항철도,홍대입구역,밤,21:00:00,23:59:59,60206,31662,91868
2016-07-01,2016-07-31,2016,7,2호선,홍대입구역,아침출근,06:00:00,09:00:00,233715,187924,421639
2016-07-01,2016-07-31,2016,7,경의중앙선,홍대입구역,아침출근,06:00:00,09:00:00,3927,8057,11984
2016-07-01,2016-07-31,2016,7,공항철도,홍대입구역,아침출근,06:00:00,09:00:00,29909,27965,57874
2016-07-01,2016-07-31,2016,7,2호선,홍대입구역,낮,09:00:00,18:00:00,913611,1431475,2345086
2016-07-01,2016-07-31,2016,7,경의중앙선,홍대입구역,낮,09:00:00,18:00:00,15825,39035,54860
2016-07-01,2016-07-31,2016,7,공항철도,홍대입구역,낮,09:00:00,18:00:00,110687,134652,245339
2016-07-01,2016-07-31,2016,7,2호선,홍대입구역,저녁퇴근,18:00:00,21:00:00,581182,658765,1239947
2016-07-01,2016-07-31,2016,7,경의중앙선,홍대입구역,저녁퇴근,18:00:00,21:00:00,12223,15624,27847
2016-07-01,2016-07-31,2016,7,공항철도,홍대입구역,저녁퇴근,18:00:00,21:00:00,62603,63008,125611
2016-07-01,2016-07-31,2016,7,2호선,홍대입구역,밤,21:00:00,23:59:59,615411,283391,898802
2016-07-01,2016-07-31,2016,7,경의중앙선,홍대입구역,밤,21:00:00,23:59:59,14188,7319,21507
2016-07-01,2016-07-31,2016,7,공항철도,홍대입구역,밤,21:00:00,23:59:59,62594,32556,95150
2016-08-01,2016-08-31,2016,8,2호선,홍대입구역,아침출근,06:00:00,09:00:00,232152,184901,417053
2016-08-01,2016-08-31,2016,8,경의중앙선,홍대입구역,아침출근,06:00:00,09:00:00,3851,7640,11491
2016-08-01,2016-08-31,2016,8,공항철도,홍대입구역,아침출근,06:00:00,09:00:00,29732,28111,57843
2016-08-01,2016-08-31,2016,8,2호선,홍대입구역,낮,09:00:00,18:00:00,920853,1422445,2343298
2016-08-01,2016-08-31,2016,8,경의중앙선,홍대입구역,낮,09:00:00,18:00:00,15595,39934,55529
2016-08-01,2016-08-31,2016,8,공항철도,홍대입구역,낮,09:00:00,18:00:00,114999,140457,255456
2016-08-01,2016-08-31,2016,8,2호선,홍대입구역,저녁퇴근,18:00:00,21:00:00,581924,658590,1240514
2016-08-01,2016-08-31,2016,8,경의중앙선,홍대입구역,저녁퇴근,18:00:00,21:00:00,12488,15486,27974
2016-08-01,2016-08-31,2016,8,공항철도,홍대입구역,저녁퇴근,18:00:00,21:00:00,63569,63836,127405
2016-08-01,2016-08-31,2016,8,2호선,홍대입구역,밤,21:00:00,23:59:59,605306,278121,883427
2016-08-01,2016-08-31,2016,8,경의중앙선,홍대입구역,밤,21:00:00,23:59:59,14280,7256,21536
2016-08-01,2016-08-31,2016,8,공항철도,홍대입구역,밤,21:00:00,23:59:59,62552,32614,95166
2016-09-01,2016-09-30,2016,9,2호선,홍대입구역,아침출근,06:00:00,09:00:00,217647,181768,399415
2016-09-01,2016-09-30,2016,9,경의중앙선,홍대입구역,아침출근,06:00:00,09:00:00,3831,8075,11906
2016-09-01,2016-09-30,2016,9,공항철도,홍대입구역,아침출근,06:00:00,09:00:00,28842,28495,57337
2016-09-01,2016-09-30,2016,9,2호선,홍대입구역,낮,09:00:00,18:00:00,838144,1257468,2095612
2016-09-01,2016-09-30,2016,9,경의중앙선,홍대입구역,낮,09:00:00,18:00:00,16332,37654,53986
2016-09-01,2016-09-30,2016,9,공항철도,홍대입구역,낮,09:00:00,18:00:00,105817,129542,235359
2016-09-01,2016-09-30,2016,9,2호선,홍대입구역,저녁퇴근,18:00:00,21:00:00,517630,607348,1124978
2016-09-01,2016-09-30,2016,9,경의중앙선,홍대입구역,저녁퇴근,18:00:00,21:00:00,12201,14496,26697
2016-09-01,2016-09-30,2016,9,공항철도,홍대입구역,저녁퇴근,18:00:00,21:00:00,61876,59499,121375
2016-09-01,2016-09-30,2016,9,2호선,홍대입구역,밤,21:00:00,23:59:59,534271,260952,795223
2016-09-01,2016-09-30,2016,9,경의중앙선,홍대입구역,밤,21:00:00,23:59:59,14056,6615,20671
2016-09-01,2016-09-30,2016,9,공항철도,홍대입구역,밤,21:00:00,23:59:59,60521,30514,91035
2016-10-01,2016-10-31,2016,10,2호선,홍대입구역,아침출근,06:00:00,09:00:00,238581,192036,430617
2016-10-01,2016-10-31,2016,10,경의중앙선,홍대입구역,아침출근,06:00:00,09:00:00,4163,8614,12777
2016-10-01,2016-10-31,2016,10,공항철도,홍대입구역,아침출근,06:00:00,09:00:00,31092,30739,61831
2016-10-01,2016-10-31,2016,10,2호선,홍대입구역,낮,09:00:00,18:00:00,946195,1378708,2324903
2016-10-01,2016-10-31,2016,10,경의중앙선,홍대입구역,낮,09:00:00,18:00:00,19004,42419,61423
2016-10-01,2016-10-31,2016,10,공항철도,홍대입구역,낮,09:00:00,18:00:00,118671,143788,262459
2016-10-01,2016-10-31,2016,10,2호선,홍대입구역,저녁퇴근,18:00:00,21:00:00,562614,645979,1208593
2016-10-01,2016-10-31,2016,10,경의중앙선,홍대입구역,저녁퇴근,18:00:00,21:00:00,12959,15495,28454
2016-10-01,2016-10-31,2016,10,공항철도,홍대입구역,저녁퇴근,18:00:00,21:00:00,66326,64170,130496
2016-10-01,2016-10-31,2016,10,2호선,홍대입구역,밤,21:00:00,23:59:59,566796,282892,849688
2016-10-01,2016-10-31,2016,10,경의중앙선,홍대입구역,밤,21:00:00,23:59:59,14149,7327,21476
2016-10-01,2016-10-31,2016,10,공항철도,홍대입구역,밤,21:00:00,23:59:59,62306,33687,95993
2016-11-01,2016-11-30,2016,11,2호선,홍대입구역,아침출근,06:00:00,09:00:00,233366,194583,427949
2016-11-01,2016-11-30,2016,11,경의중앙선,홍대입구역,아침출근,06:00:00,09:00:00,4073,8411,12484
2016-11-01,2016-11-30,2016,11,공항철도,홍대입구역,아침출근,06:00:00,09:00:00,30565,30393,60958
2016-11-01,2016-11-30,2016,11,2호선,홍대입구역,낮,09:00:00,18:00:00,898817,1311187,2210004
2016-11-01,2016-11-30,2016,11,경의중앙선,홍대입구역,낮,09:00:00,18:00:00,16966,37243,54209
2016-11-01,2016-11-30,2016,11,공항철도,홍대입구역,낮,09:00:00,18:00:00,109999,133355,243354
2016-11-01,2016-11-30,2016,11,2호선,홍대입구역,저녁퇴근,18:00:00,21:00:00,549677,653192,1202869
2016-11-01,2016-11-30,2016,11,경의중앙선,홍대입구역,저녁퇴근,18:00:00,21:00:00,12145,14452,26597
2016-11-01,2016-11-30,2016,11,공항철도,홍대입구역,저녁퇴근,18:00:00,21:00:00,61868,62412,124280
2016-11-01,2016-11-30,2016,11,2호선,홍대입구역,밤,21:00:00,23:59:59,569115,264377,833492
2016-11-01,2016-11-30,2016,11,경의중앙선,홍대입구역,밤,21:00:00,23:59:59,13763,5959,19722
2016-11-01,2016-11-30,2016,11,공항철도,홍대입구역,밤,21:00:00,23:59:59,57230,31225,88455
2016-12-01,2016-12-31,2016,12,2호선,홍대입구역,아침출근,06:00:00,09:00:00,230310,196083,426393
2016-12-01,2016-12-31,2016,12,경의중앙선,홍대입구역,아침출근,06:00:00,09:00:00,3819,8521,12340
2016-12-01,2016-12-31,2016,12,공항철도,홍대입구역,아침출근,06:00:00,09:00:00,29376,30509,59885
2016-12-01,2016-12-31,2016,12,2호선,홍대입구역,낮,09:00:00,18:00:00,1006490,1552205,2558695
2016-12-01,2016-12-31,2016,12,경의중앙선,홍대입구역,낮,09:00:00,18:00:00,18085,43925,62010
2016-12-01,2016-12-31,2016,12,공항철도,홍대입구역,낮,09:00:00,18:00:00,117959,142719,260678
2016-12-01,2016-12-31,2016,12,2호선,홍대입구역,저녁퇴근,18:00:00,21:00:00,621654,726279,1347933
2016-12-01,2016-12-31,2016,12,경의중앙선,홍대입구역,저녁퇴근,18:00:00,21:00:00,12789,15111,27900
2016-12-01,2016-12-31,2016,12,공항철도,홍대입구역,저녁퇴근,18:00:00,21:00:00,63386,66064,129450
2016-12-01,2016-12-31,2016,12,2호선,홍대입구역,밤,21:00:00,23:59:59,669292,295288,964580
2016-12-01,2016-12-31,2016,12,경의중앙선,홍대입구역,밤,21:00:00,23:59:59,15198,6777,21975
2016-12-01,2016-12-31,2016,12,공항철도,홍대입구역,밤,21:00:00,23:59:59,61078,32857,93935
2017-01-01,2017-01-31,2017,1,2호선,홍대입구역,아침출근,06:00:00,09:00:00,216270,163461,379731
2017-01-01,2017-01-31,2017,1,경의중앙선,홍대입구역,아침출근,06:00:00,09:00:00,3652,7045,10697
2017-01-01,2017-01-31,2017,1,공항철도,홍대입구역,아침출근,06:00:00,09:00:00,26417,26709,53126
2017-01-01,2017-01-31,2017,1,2호선,홍대입구역,낮,09:00:00,18:00:00,900919,1454256,2355175
2017-01-01,2017-01-31,2017,1,경의중앙선,홍대입구역,낮,09:00:00,18:00:00,16938,41207,58145
2017-01-01,2017-01-31,2017,1,공항철도,홍대입구역,낮,09:00:00,18:00:00,110867,138299,249166
2017-01-01,2017-01-31,2017,1,2호선,홍대입구역,저녁퇴근,18:00:00,21:00:00,585811,634935,1220746
2017-01-01,2017-01-31,2017,1,경의중앙선,홍대입구역,저녁퇴근,18:00:00,21:00:00,12304,14023,26327
2017-01-01,2017-01-31,2017,1,공항철도,홍대입구역,저녁퇴근,18:00:00,21:00:00,59542,58242,117784
2017-01-01,2017-01-31,2017,1,2호선,홍대입구역,밤,21:00:00,23:59:59,615646,248111,863757
2017-01-01,2017-01-31,2017,1,경의중앙선,홍대입구역,밤,21:00:00,23:59:59,13384,5980,19364
2017-01-01,2017-01-31,2017,1,공항철도,홍대입구역,밤,21:00:00,23:59:59,53110,28567,81677
2017-02-01,2017-02-28,2017,2,2호선,홍대입구역,아침출근,06:00:00,09:00:00,211408,157967,369375
2017-02-01,2017-02-28,2017,2,경의중앙선,홍대입구역,아침출근,06:00:00,09:00:00,3885,6545,10430
2017-02-01,2017-02-28,2017,2,공항철도,홍대입구역,아침출근,06:00:00,09:00:00,26491,24980,51471
2017-02-01,2017-02-28,2017,2,2호선,홍대입구역,낮,09:00:00,18:00:00,929652,1517606,2447258
2017-02-01,2017-02-28,2017,2,경의중앙선,홍대입구역,낮,09:00:00,18:00:00,17549,43822,61371
2017-02-01,2017-02-28,2017,2,공항철도,홍대입구역,낮,09:00:00,18:00:00,110686,141552,252238
2017-02-01,2017-02-28,2017,2,2호선,홍대입구역,저녁퇴근,18:00:00,21:00:00,615401,658288,1273689
2017-02-01,2017-02-28,2017,2,경의중앙선,홍대입구역,저녁퇴근,18:00:00,21:00:00,12973,15062,28035
2017-02-01,2017-02-28,2017,2,공항철도,홍대입구역,저녁퇴근,18:00:00,21:00:00,62100,61248,123348
2017-02-01,2017-02-28,2017,2,2호선,홍대입구역,밤,21:00:00,23:59:59,625182,253526,878708
2017-02-01,2017-02-28,2017,2,경의중앙선,홍대입구역,밤,21:00:00,23:59:59,13039,6328,19367
2017-02-01,2017-02-28,2017,2,공항철도,홍대입구역,밤,21:00:00,23:59:59,54339,28420,82759
2017-03-01,2017-03-31,2017,3,2호선,홍대입구역,아침출근,06:00:00,09:00:00,237933,195006,432939
2017-03-01,2017-03-31,2017,3,경의중앙선,홍대입구역,아침출근,06:00:00,09:00:00,4550,8977,13527
2017-03-01,2017-03-31,2017,3,공항철도,홍대입구역,아침출근,06:00:00,09:00:00,30237,30987,61224
2017-03-01,2017-03-31,2017,3,2호선,홍대입구역,낮,09:00:00,18:00:00,947296,1452962,2400258
2017-03-01,2017-03-31,2017,3,경의중앙선,홍대입구역,낮,09:00:00,18:00:00,19599,42574,62173
2017-03-01,2017-03-31,2017,3,공항철도,홍대입구역,낮,09:00:00,18:00:00,118066,149373,267439
2017-03-01,2017-03-31,2017,3,2호선,홍대입구역,저녁퇴근,18:00:00,21:00:00,604783,701487,1306270
2017-03-01,2017-03-31,2017,3,경의중앙선,홍대입구역,저녁퇴근,18:00:00,21:00:00,14233,16348,30581
2017-03-01,2017-03-31,2017,3,공항철도,홍대입구역,저녁퇴근,18:00:00,21:00:00,67623,67865,135488
2017-03-01,2017-03-31,2017,3,2호선,홍대입구역,밤,21:00:00,23:59:59,641712,272082,913794
2017-03-01,2017-03-31,2017,3,경의중앙선,홍대입구역,밤,21:00:00,23:59:59,13790,6672,20462
2017-03-01,2017-03-31,2017,3,공항철도,홍대입구역,밤,21:00:00,23:59:59,59764,31408,91172
2017-04-01,2017-04-30,2017,4,2호선,홍대입구역,아침출근,06:00:00,09:00:00,230302,180965,411267
2017-04-01,2017-04-30,2017,4,경의중앙선,홍대입구역,아침출근,06:00:00,09:00:00,4601,8854,13455
2017-04-01,2017-04-30,2017,4,공항철도,홍대입구역,아침출근,06:00:00,09:00:00,30681,29354,60035
2017-04-01,2017-04-30,2017,4,2호선,홍대입구역,낮,09:00:00,18:00:00,903606,1327364,2230970
2017-04-01,2017-04-30,2017,4,경의중앙선,홍대입구역,낮,09:00:00,18:00:00,19034,42078,61112
2017-04-01,2017-04-30,2017,4,공항철도,홍대입구역,낮,09:00:00,18:00:00,118197,145210,263407
2017-04-01,2017-04-30,2017,4,2호선,홍대입구역,저녁퇴근,18:00:00,21:00:00,544323,646553,1190876
2017-04-01,2017-04-30,2017,4,경의중앙선,홍대입구역,저녁퇴근,18:00:00,21:00:00,13746,16493,30239
2017-04-01,2017-04-30,2017,4,공항철도,홍대입구역,저녁퇴근,18:00:00,21:00:00,65654,64965,130619
2017-04-01,2017-04-30,2017,4,2호선,홍대입구역,밤,21:00:00,23:59:59,582813,278206,861019
2017-04-01,2017-04-30,2017,4,경의중앙선,홍대입구역,밤,21:00:00,23:59:59,14173,7144,21317
2017-04-01,2017-04-30,2017,4,공항철도,홍대입구역,밤,21:00:00,23:59:59,60291,32739,93030
2017-05-01,2017-05-31,2017,5,2호선,홍대입구역,아침출근,06:00:00,09:00:00,226268,179737,406005
2017-05-01,2017-05-31,2017,5,경의중앙선,홍대입구역,아침출근,06:00:00,09:00:00,4595,8498,13093
2017-05-01,2017-05-31,2017,5,공항철도,홍대입구역,아침출근,06:00:00,09:00:00,29899,29612,59511
2017-05-01,2017-05-31,2017,5,2호선,홍대입구역,낮,09:00:00,18:00:00,958426,1467279,2425705
2017-05-01,2017-05-31,2017,5,경의중앙선,홍대입구역,낮,09:00:00,18:00:00,21067,48798,69865
2017-05-01,2017-05-31,2017,5,공항철도,홍대입구역,낮,09:00:00,18:00:00,123686,155618,279304
2017-05-01,2017-05-31,2017,5,2호선,홍대입구역,저녁퇴근,18:00:00,21:00:00,585753,672392,1258145
2017-05-01,2017-05-31,2017,5,경의중앙선,홍대입구역,저녁퇴근,18:00:00,21:00:00,15235,17343,32578
2017-05-01,2017-05-31,2017,5,공항철도,홍대입구역,저녁퇴근,18:00:00,21:00:00,70712,66405,137117
2017-05-01,2017-05-31,2017,5,2호선,홍대입구역,밤,21:00:00,23:59:59,631830,291845,923675
2017-05-01,2017-05-31,2017,5,경의중앙선,홍대입구역,밤,21:00:00,23:59:59,15724,7648,23372
2017-05-01,2017-05-31,2017,5,공항철도,홍대입구역,밤,21:00:00,23:59:59,66258,33347,99605
2017-06-01,2017-06-30,2017,6,2호선,홍대입구역,아침출근,06:00:00,09:00:00,223691,180957,404648
2017-06-01,2017-06-30,2017,6,경의중앙선,홍대입구역,아침출근,06:00:00,09:00:00,4594,8546,13140
2017-06-01,2017-06-30,2017,6,공항철도,홍대입구역,아침출근,06:00:00,09:00:00,29986,30223,60209
2017-06-01,2017-06-30,2017,6,2호선,홍대입구역,낮,09:00:00,18:00:00,872978,1314919,2187897
2017-06-01,2017-06-30,2017,6,경의중앙선,홍대입구역,낮,09:00:00,18:00:00,18099,40539,58638
2017-06-01,2017-06-30,2017,6,공항철도,홍대입구역,낮,09:00:00,18:00:00,114731,143118,257849
2017-06-01,2017-06-30,2017,6,2호선,홍대입구역,저녁퇴근,18:00:00,21:00:00,526519,633878,1160397
2017-06-01,2017-06-30,2017,6,경의중앙선,홍대입구역,저녁퇴근,18:00:00,21:00:00,13465,15376,28841
2017-06-01,2017-06-30,2017,6,공항철도,홍대입구역,저녁퇴근,18:00:00,21:00:00,65517,66775,132292
2017-06-01,2017-06-30,2017,6,2호선,홍대입구역,밤,21:00:00,23:59:59,584668,274633,859301
2017-06-01,2017-06-30,2017,6,경의중앙선,홍대입구역,밤,21:00:00,23:59:59,14854,7079,21933
2017-06-01,2017-06-30,2017,6,공항철도,홍대입구역,밤,21:00:00,23:59:59,64749,33013,97762
2017-07-01,2017-07-31,2017,7,2호선,홍대입구역,아침출근,06:00:00,09:00:00,221328,174809,396137
2017-07-01,2017-07-31,2017,7,경의중앙선,홍대입구역,아침출근,06:00:00,09:00:00,4488,8221,12709
2017-07-01,2017-07-31,2017,7,공항철도,홍대입구역,아침출근,06:00:00,09:00:00,29005,28516,57521
2017-07-01,2017-07-31,2017,7,2호선,홍대입구역,낮,09:00:00,18:00:00,888988,1403699,2292687
2017-07-01,2017-07-31,2017,7,경의중앙선,홍대입구역,낮,09:00:00,18:00:00,17399,41314,58713
2017-07-01,2017-07-31,2017,7,공항철도,홍대입구역,낮,09:00:00,18:00:00,113664,145688,259352
2017-07-01,2017-07-31,2017,7,2호선,홍대입구역,저녁퇴근,18:00:00,21:00:00,563310,642867,1206177
2017-07-01,2017-07-31,2017,7,경의중앙선,홍대입구역,저녁퇴근,18:00:00,21:00:00,13175,15066,28241
2017-07-01,2017-07-31,2017,7,공항철도,홍대입구역,저녁퇴근,18:00:00,21:00:00,65177,65894,131071
2017-07-01,2017-07-31,2017,7,2호선,홍대입구역,밤,21:00:00,23:59:59,608781,262330,871111
2017-07-01,2017-07-31,2017,7,경의중앙선,홍대입구역,밤,21:00:00,23:59:59,15225,6961,22186
2017-07-01,2017-07-31,2017,7,공항철도,홍대입구역,밤,21:00:00,23:59:59,62766,32034,94800
2017-08-01,2017-08-31,2017,8,2호선,홍대입구역,아침출근,06:00:00,09:00:00,218425,173034,391459
2017-08-01,2017-08-31,2017,8,경의중앙선,홍대입구역,아침출근,06:00:00,09:00:00,4596,8110,12706
2017-08-01,2017-08-31,2017,8,공항철도,홍대입구역,아침출근,06:00:00,09:00:00,28156,28598,56754
2017-08-01,2017-08-31,2017,8,2호선,홍대입구역,낮,09:00:00,18:00:00,904627,1426025,2330652
2017-08-01,2017-08-31,2017,8,경의중앙선,홍대입구역,낮,09:00:00,18:00:00,17813,42775,60588
2017-08-01,2017-08-31,2017,8,공항철도,홍대입구역,낮,09:00:00,18:00:00,117312,150828,268140
2017-08-01,2017-08-31,2017,8,2호선,홍대입구역,저녁퇴근,18:00:00,21:00:00,576776,652551,1229327
2017-08-01,2017-08-31,2017,8,경의중앙선,홍대입구역,저녁퇴근,18:00:00,21:00:00,13958,15566,29524
2017-08-01,2017-08-31,2017,8,공항철도,홍대입구역,저녁퇴근,18:00:00,21:00:00,66053,68429,134482
2017-08-01,2017-08-31,2017,8,2호선,홍대입구역,밤,21:00:00,23:59:59,613172,262410,875582
2017-08-01,2017-08-31,2017,8,경의중앙선,홍대입구역,밤,21:00:00,23:59:59,15609,6782,22391
2017-08-01,2017-08-31,2017,8,공항철도,홍대입구역,밤,21:00:00,23:59:59,64422,32159,96581
2017-09-01,2017-09-30,2017,9,2호선,홍대입구역,아침출근,06:00:00,09:00:00,224803,187874,412677
2017-09-01,2017-09-30,2017,9,경의중앙선,홍대입구역,아침출근,06:00:00,09:00:00,4772,9209,13981
2017-09-01,2017-09-30,2017,9,공항철도,홍대입구역,아침출근,06:00:00,09:00:00,29874,31721,61595
2017-09-01,2017-09-30,2017,9,2호선,홍대입구역,낮,09:00:00,18:00:00,892602,1338083,2230685
2017-09-01,2017-09-30,2017,9,경의중앙선,홍대입구역,낮,09:00:00,18:00:00,19856,42848,62704
2017-09-01,2017-09-30,2017,9,공항철도,홍대입구역,낮,09:00:00,18:00:00,117258,149503,266761
2017-09-01,2017-09-30,2017,9,2호선,홍대입구역,저녁퇴근,18:00:00,21:00:00,547059,651637,1198696
2017-09-01,2017-09-30,2017,9,경의중앙선,홍대입구역,저녁퇴근,18:00:00,21:00:00,14613,16486,31099
2017-09-01,2017-09-30,2017,9,공항철도,홍대입구역,저녁퇴근,18:00:00,21:00:00,69257,69840,139097
2017-09-01,2017-09-30,2017,9,2호선,홍대입구역,밤,21:00:00,23:59:59,575420,264336,839756
2017-09-01,2017-09-30,2017,9,경의중앙선,홍대입구역,밤,21:00:00,23:59:59,16286,7695,23981
2017-09-01,2017-09-30,2017,9,공항철도,홍대입구역,밤,21:00:00,23:59:59,67173,33041,100214
2017-10-01,2017-10-31,2017,10,2호선,홍대입구역,아침출근,06:00:00,09:00:00,198813,157982,356795
2017-10-01,2017-10-31,2017,10,경의중앙선,홍대입구역,아침출근,06:00:00,09:00:00,4617,7733,12350
2017-10-01,2017-10-31,2017,10,공항철도,홍대입구역,아침출근,06:00:00,09:00:00,27678,27092,54770
2017-10-01,2017-10-31,2017,10,2호선,홍대입구역,낮,09:00:00,18:00:00,906191,1386717,2292908
2017-10-01,2017-10-31,2017,10,경의중앙선,홍대입구역,낮,09:00:00,18:00:00,21277,47989,69266
2017-10-01,2017-10-31,2017,10,공항철도,홍대입구역,낮,09:00:00,18:00:00,122645,154141,276786
2017-10-01,2017-10-31,2017,10,2호선,홍대입구역,저녁퇴근,18:00:00,21:00:00,555110,610111,1165221
2017-10-01,2017-10-31,2017,10,경의중앙선,홍대입구역,저녁퇴근,18:00:00,21:00:00,14388,16369,30757
2017-10-01,2017-10-31,2017,10,공항철도,홍대입구역,저녁퇴근,18:00:00,21:00:00,66143,65727,131870
2017-10-01,2017-10-31,2017,10,2호선,홍대입구역,밤,21:00:00,23:59:59,563619,253965,817584
2017-10-01,2017-10-31,2017,10,경의중앙선,홍대입구역,밤,21:00:00,23:59:59,14840,7403,22243
2017-10-01,2017-10-31,2017,10,공항철도,홍대입구역,밤,21:00:00,23:59:59,60957,33315,94272
2017-11-01,2017-11-30,2017,11,2호선,홍대입구역,아침출근,06:00:00,09:00:00,221003,190595,411598
2017-11-01,2017-11-30,2017,11,경의중앙선,홍대입구역,아침출근,06:00:00,09:00:00,4921,8931,13852
2017-11-01,2017-11-30,2017,11,경의중앙선,홍대입구역,아침출근,06:00:00,09:00:00,0,0,0
2017-11-01,2017-11-30,2017,11,공항철도,홍대입구역,아침출근,06:00:00,09:00:00,30208,32603,62811
2017-11-01,2017-11-30,2017,11,2호선,홍대입구역,낮,09:00:00,18:00:00,923725,1336273,2259998
2017-11-01,2017-11-30,2017,11,경의중앙선,홍대입구역,낮,09:00:00,18:00:00,18964,41473,60437
2017-11-01,2017-11-30,2017,11,경의중앙선,홍대입구역,낮,09:00:00,18:00:00,0,0,0
2017-11-01,2017-11-30,2017,11,공항철도,홍대입구역,낮,09:00:00,18:00:00,122217,147036,269253
2017-11-01,2017-11-30,2017,11,2호선,홍대입구역,저녁퇴근,18:00:00,21:00:00,547828,658259,1206087
2017-11-01,2017-11-30,2017,11,경의중앙선,홍대입구역,저녁퇴근,18:00:00,21:00:00,13550,15684,29234
2017-11-01,2017-11-30,2017,11,경의중앙선,홍대입구역,저녁퇴근,18:00:00,21:00:00,0,0,0
2017-11-01,2017-11-30,2017,11,공항철도,홍대입구역,저녁퇴근,18:00:00,21:00:00,64888,69658,134546
2017-11-01,2017-11-30,2017,11,2호선,홍대입구역,밤,21:00:00,23:59:59,576614,247855,824469
2017-11-01,2017-11-30,2017,11,경의중앙선,홍대입구역,밤,21:00:00,23:59:59,13462,6353,19815
2017-11-01,2017-11-30,2017,11,경의중앙선,홍대입구역,밤,21:00:00,23:59:59,1,0,1
2017-11-01,2017-11-30,2017,11,공항철도,홍대입구역,밤,21:00:00,23:59:59,58045,31946,89991
2017-12-01,2017-12-31,2017,12,2호선,홍대입구역,아침출근,06:00:00,09:00:00,213099,181950,395049
2017-12-01,2017-12-31,2017,12,경의중앙선,홍대입구역,아침출근,06:00:00,09:00:00,0,0,0
2017-12-01,2017-12-31,2017,12,경의중앙선,홍대입구역,아침출근,06:00:00,09:00:00,4460,8703,13163
2017-12-01,2017-12-31,2017,12,공항철도,홍대입구역,아침출근,06:00:00,09:00:00,28137,32300,60437
2017-12-01,2017-12-31,2017,12,2호선,홍대입구역,낮,09:00:00,18:00:00,1018084,1556706,2574790
2017-12-01,2017-12-31,2017,12,경의중앙선,홍대입구역,낮,09:00:00,18:00:00,0,0,0
2017-12-01,2017-12-31,2017,12,경의중앙선,홍대입구역,낮,09:00:00,18:00:00,20374,46329,66703
2017-12-01,2017-12-31,2017,12,공항철도,홍대입구역,낮,09:00:00,18:00:00,132131,159806,291937
2017-12-01,2017-12-31,2017,12,2호선,홍대입구역,저녁퇴근,18:00:00,21:00:00,602314,708927,1311241
2017-12-01,2017-12-31,2017,12,경의중앙선,홍대입구역,저녁퇴근,18:00:00,21:00:00,0,0,0
2017-12-01,2017-12-31,2017,12,경의중앙선,홍대입구역,저녁퇴근,18:00:00,21:00:00,13658,15603,29261
2017-12-01,2017-12-31,2017,12,공항철도,홍대입구역,저녁퇴근,18:00:00,21:00:00,65027,72248,137275
2017-12-01,2017-12-31,2017,12,2호선,홍대입구역,밤,21:00:00,23:59:59,665538,293714,959252
2017-12-01,2017-12-31,2017,12,경의중앙선,홍대입구역,밤,21:00:00,23:59:59,1,0,1
2017-12-01,2017-12-31,2017,12,경의중앙선,홍대입구역,밤,21:00:00,23:59:59,15743,7341,23084
2017-12-01,2017-12-31,2017,12,공항철도,홍대입구역,밤,21:00:00,23:59:59,62804,35599,98403
2018-01-01,2018-01-31,2018,1,2호선,홍대입구역,아침출근,06:00:00,09:00:00,217298,180945,398243
2018-01-01,2018-01-31,2018,1,경의중앙선,홍대입구역,아침출근,06:00:00,09:00:00,0,0,0
2018-01-01,2018-01-31,2018,1,경의중앙선,홍대입구역,아침출근,06:00:00,09:00:00,4162,8687,12849
2018-01-01,2018-01-31,2018,1,공항철도,홍대입구역,아침출근,06:00:00,09:00:00,27620,32750,60370
2018-01-01,2018-01-31,2018,1,2호선,홍대입구역,낮,09:00:00,18:00:00,894964,1415567,2310531
2018-01-01,2018-01-31,2018,1,경의중앙선,홍대입구역,낮,09:00:00,18:00:00,1,0,1
2018-01-01,2018-01-31,2018,1,경의중앙선,홍대입구역,낮,09:00:00,18:00:00,17741,39627,57368
2018-01-01,2018-01-31,2018,1,공항철도,홍대입구역,낮,09:00:00,18:00:00,117561,144068,261629
2018-01-01,2018-01-31,2018,1,2호선,홍대입구역,저녁퇴근,18:00:00,21:00:00,580623,636199,1216822
2018-01-01,2018-01-31,2018,1,경의중앙선,홍대입구역,저녁퇴근,18:00:00,21:00:00,0,0,0
2018-01-01,2018-01-31,2018,1,경의중앙선,홍대입구역,저녁퇴근,18:00:00,21:00:00,13486,13542,27028
2018-01-01,2018-01-31,2018,1,공항철도,홍대입구역,저녁퇴근,18:00:00,21:00:00,62925,65502,128427
2018-01-01,2018-01-31,2018,1,2호선,홍대입구역,밤,21:00:00,23:59:59,603171,237465,840636
2018-01-01,2018-01-31,2018,1,경의중앙선,홍대입구역,밤,21:00:00,23:59:59,0,0,0
2018-01-01,2018-01-31,2018,1,경의중앙선,홍대입구역,밤,21:00:00,23:59:59,14751,5752,20503
2018-01-01,2018-01-31,2018,1,공항철도,홍대입구역,밤,21:00:00,23:59:59,55353,30431,85784
2018-02-01,2018-02-28,2018,2,2호선,홍대입구역,아침출근,06:00:00,09:00:00,181716,149852,331568
2018-02-01,2018-02-28,2018,2,경의중앙선,홍대입구역,아침출근,06:00:00,09:00:00,0,0,0
2018-02-01,2018-02-28,2018,2,경의중앙선,홍대입구역,아침출근,06:00:00,09:00:00,3503,6547,10050
2018-02-01,2018-02-28,2018,2,공항철도,홍대입구역,아침출근,06:00:00,09:00:00,24977,26230,51207
2018-02-01,2018-02-28,2018,2,2호선,홍대입구역,낮,09:00:00,18:00:00,856692,1394091,2250783
2018-02-01,2018-02-28,2018,2,경의중앙선,홍대입구역,낮,09:00:00,18:00:00,1,0,1
2018-02-01,2018-02-28,2018,2,경의중앙선,홍대입구역,낮,09:00:00,18:00:00,17291,38306,55597
2018-02-01,2018-02-28,2018,2,공항철도,홍대입구역,낮,09:00:00,18:00:00,109576,137186,246762
2018-02-01,2018-02-28,2018,2,2호선,홍대입구역,저녁퇴근,18:00:00,21:00:00,567914,593764,1161678
2018-02-01,2018-02-28,2018,2,경의중앙선,홍대입구역,저녁퇴근,18:00:00,21:00:00,1,0,1
2018-02-01,2018-02-28,2018,2,경의중앙선,홍대입구역,저녁퇴근,18:00:00,21:00:00,12813,12870,25683
2018-02-01,2018-02-28,2018,2,공항철도,홍대입구역,저녁퇴근,18:00:00,21:00:00,57625,60168,117793
2018-02-01,2018-02-28,2018,2,2호선,홍대입구역,밤,21:00:00,23:59:59,567285,223744,791029
2018-02-01,2018-02-28,2018,2,경의중앙선,홍대입구역,밤,21:00:00,23:59:59,0,0,0
2018-02-01,2018-02-28,2018,2,경의중앙선,홍대입구역,밤,21:00:00,23:59:59,11955,5341,17296
2018-02-01,2018-02-28,2018,2,공항철도,홍대입구역,밤,21:00:00,23:59:59,49209,28336,77545
2018-03-01,2018-03-31,2018,3,2호선,홍대입구역,아침출근,06:00:00,09:00:00,220969,198315,419284
2018-03-01,2018-03-31,2018,3,경의중앙선,홍대입구역,아침출근,06:00:00,09:00:00,4769,9151,13920
2018-03-01,2018-03-31,2018,3,공항철도,홍대입구역,아침출근,06:00:00,09:00:00,30614,36142,66756
2018-03-01,2018-03-31,2018,3,2호선,홍대입구역,낮,09:00:00,18:00:00,1002170,1543311,2545481
2018-03-01,2018-03-31,2018,3,경의중앙선,홍대입구역,낮,09:00:00,18:00:00,21482,43752,65234
2018-03-01,2018-03-31,2018,3,공항철도,홍대입구역,낮,09:00:00,18:00:00,134061,165518,299579
2018-03-01,2018-03-31,2018,3,2호선,홍대입구역,저녁퇴근,18:00:00,21:00:00,637454,716908,1354362
2018-03-01,2018-03-31,2018,3,경의중앙선,홍대입구역,저녁퇴근,18:00:00,21:00:00,16023,16963,32986
2018-03-01,2018-03-31,2018,3,공항철도,홍대입구역,저녁퇴근,18:00:00,21:00:00,71791,74599,146390
2018-03-01,2018-03-31,2018,3,2호선,홍대입구역,밤,21:00:00,23:59:59,668679,276580,945259
2018-03-01,2018-03-31,2018,3,경의중앙선,홍대입구역,밤,21:00:00,23:59:59,15524,7183,22707
2018-03-01,2018-03-31,2018,3,공항철도,홍대입구역,밤,21:00:00,23:59:59,64020,36213,100233
2018-04-01,2018-04-30,2018,4,2호선,홍대입구역,아침출근,06:00:00,09:00:00,222947,195296,418243
2018-04-01,2018-04-30,2018,4,경의중앙선,홍대입구역,아침출근,06:00:00,09:00:00,4719,9128,13847
2018-04-01,2018-04-30,2018,4,공항철도,홍대입구역,아침출근,06:00:00,09:00:00,32276,36935,69211
2018-04-01,2018-04-30,2018,4,2호선,홍대입구역,낮,09:00:00,18:00:00,951695,1363205,2314900
2018-04-01,2018-04-30,2018,4,경의중앙선,홍대입구역,낮,09:00:00,18:00:00,20722,39969,60691
2018-04-01,2018-04-30,2018,4,공항철도,홍대입구역,낮,09:00:00,18:00:00,133530,154252,287782
2018-04-01,2018-04-30,2018,4,2호선,홍대입구역,저녁퇴근,18:00:00,21:00:00,562820,651764,1214584
2018-04-01,2018-04-30,2018,4,경의중앙선,홍대입구역,저녁퇴근,18:00:00,21:00:00,14289,15792,30081
2018-04-01,2018-04-30,2018,4,공항철도,홍대입구역,저녁퇴근,18:00:00,21:00:00,68499,72787,141286
2018-04-01,2018-04-30,2018,4,2호선,홍대입구역,밤,21:00:00,23:59:59,579938,275092,855030
2018-04-01,2018-04-30,2018,4,경의중앙선,홍대입구역,밤,21:00:00,23:59:59,14171,6850,21021
2018-04-01,2018-04-30,2018,4,공항철도,홍대입구역,밤,21:00:00,23:59:59,60811,36956,97767
2018-05-01,2018-05-31,2018,5,2호선,홍대입구역,아침출근,06:00:00,09:00:00,220818,191342,412160
2018-05-01,2018-05-31,2018,5,경의중앙선,홍대입구역,아침출근,06:00:00,09:00:00,0,0,0
2018-05-01,2018-05-31,2018,5,경의중앙선,홍대입구역,아침출근,06:00:00,09:00:00,4707,8903,13610
2018-05-01,2018-05-31,2018,5,공항철도,홍대입구역,아침출근,06:00:00,09:00:00,31612,38700,70312
2018-05-01,2018-05-31,2018,5,2호선,홍대입구역,낮,09:00:00,18:00:00,1013274,1522065,2535339
2018-05-01,2018-05-31,2018,5,경의중앙선,홍대입구역,낮,09:00:00,18:00:00,1,0,1
2018-05-01,2018-05-31,2018,5,경의중앙선,홍대입구역,낮,09:00:00,18:00:00,23010,44752,67762
2018-05-01,2018-05-31,2018,5,공항철도,홍대입구역,낮,09:00:00,18:00:00,143339,172199,315538
2018-05-01,2018-05-31,2018,5,2호선,홍대입구역,저녁퇴근,18:00:00,21:00:00,609846,677099,1286945
2018-05-01,2018-05-31,2018,5,경의중앙선,홍대입구역,저녁퇴근,18:00:00,21:00:00,0,0,0
2018-05-01,2018-05-31,2018,5,경의중앙선,홍대입구역,저녁퇴근,18:00:00,21:00:00,15754,15801,31555
2018-05-01,2018-05-31,2018,5,공항철도,홍대입구역,저녁퇴근,18:00:00,21:00:00,75438,75910,151348
2018-05-01,2018-05-31,2018,5,2호선,홍대입구역,밤,21:00:00,23:59:59,631622,288348,919970
2018-05-01,2018-05-31,2018,5,경의중앙선,홍대입구역,밤,21:00:00,23:59:59,0,0,0
2018-05-01,2018-05-31,2018,5,경의중앙선,홍대입구역,밤,21:00:00,23:59:59,15937,6831,22768
2018-05-01,2018-05-31,2018,5,공항철도,홍대입구역,밤,21:00:00,23:59:59,68810,38856,107666
2018-06-01,2018-06-30,2018,6,2호선,홍대입구역,아침출근,06:00:00,09:00:00,206995,174962,381957
2018-06-01,2018-06-30,2018,6,경의중앙선,홍대입구역,아침출근,06:00:00,09:00:00,4276,8222,12498
2018-06-01,2018-06-30,2018,6,공항철도,홍대입구역,아침출근,06:00:00,09:00:00,30728,35798,66526
2018-06-01,2018-06-30,2018,6,2호선,홍대입구역,낮,09:00:00,18:00:00,932843,1401306,2334149
2018-06-01,2018-06-30,2018,6,경의중앙선,홍대입구역,낮,09:00:00,18:00:00,19926,37314,57240
2018-06-01,2018-06-30,2018,6,공항철도,홍대입구역,낮,09:00:00,18:00:00,136092,166146,302238
2018-06-01,2018-06-30,2018,6,2호선,홍대입구역,저녁퇴근,18:00:00,21:00:00,550124,630087,1180211
2018-06-01,2018-06-30,2018,6,경의중앙선,홍대입구역,저녁퇴근,18:00:00,21:00:00,14240,14047,28287
2018-06-01,2018-06-30,2018,6,공항철도,홍대입구역,저녁퇴근,18:00:00,21:00:00,71716,73395,145111
2018-06-01,2018-06-30,2018,6,2호선,홍대입구역,밤,21:00:00,23:59:59,587491,277372,864863
2018-06-01,2018-06-30,2018,6,경의중앙선,홍대입구역,밤,21:00:00,23:59:59,14950,6224,21174
2018-06-01,2018-06-30,2018,6,공항철도,홍대입구역,밤,21:00:00,23:59:59,68623,37593,106216
2018-07-01,2018-07-31,2018,7,2호선,홍대입구역,아침출근,06:00:00,09:00:00,218547,184609,403156
2018-07-01,2018-07-31,2018,7,경의중앙선,홍대입구역,아침출근,06:00:00,09:00:00,4557,8712,13269
2018-07-01,2018-07-31,2018,7,공항철도,홍대입구역,아침출근,06:00:00,09:00:00,31106,35374,66480
2018-07-01,2018-07-31,2018,7,2호선,홍대입구역,낮,09:00:00,18:00:00,943061,1440271,2383332
2018-07-01,2018-07-31,2018,7,경의중앙선,홍대입구역,낮,09:00:00,18:00:00,19352,38015,57367
2018-07-01,2018-07-31,2018,7,공항철도,홍대입구역,낮,09:00:00,18:00:00,134241,161907,296148
2018-07-01,2018-07-31,2018,7,2호선,홍대입구역,저녁퇴근,18:00:00,21:00:00,579769,658865,1238634
2018-07-01,2018-07-31,2018,7,경의중앙선,홍대입구역,저녁퇴근,18:00:00,21:00:00,14629,14415,29044
2018-07-01,2018-07-31,2018,7,공항철도,홍대입구역,저녁퇴근,18:00:00,21:00:00,71253,75703,146956
2018-07-01,2018-07-31,2018,7,2호선,홍대입구역,밤,21:00:00,23:59:59,615621,269945,885566
2018-07-01,2018-07-31,2018,7,경의중앙선,홍대입구역,밤,21:00:00,23:59:59,15905,6590,22495
2018-07-01,2018-07-31,2018,7,공항철도,홍대입구역,밤,21:00:00,23:59:59,67865,36524,104389
2018-08-01,2018-08-31,2018,8,2호선,홍대입구역,아침출근,06:00:00,09:00:00,209438,176694,386132
2018-08-01,2018-08-31,2018,8,경의중앙선,홍대입구역,아침출근,06:00:00,09:00:00,0,0,0
2018-08-01,2018-08-31,2018,8,경의중앙선,홍대입구역,아침출근,06:00:00,09:00:00,4493,8186,12679
2018-08-01,2018-08-31,2018,8,공항철도,홍대입구역,아침출근,06:00:00,09:00:00,29872,33953,63825
2018-08-01,2018-08-31,2018,8,2호선,홍대입구역,낮,09:00:00,18:00:00,960180,1455724,2415904
2018-08-01,2018-08-31,2018,8,경의중앙선,홍대입구역,낮,09:00:00,18:00:00,0,0,0
2018-08-01,2018-08-31,2018,8,경의중앙선,홍대입구역,낮,09:00:00,18:00:00,19759,40516,60275
2018-08-01,2018-08-31,2018,8,공항철도,홍대입구역,낮,09:00:00,18:00:00,143033,172587,315620
2018-08-01,2018-08-31,2018,8,2호선,홍대입구역,저녁퇴근,18:00:00,21:00:00,583280,657085,1240365
2018-08-01,2018-08-31,2018,8,경의중앙선,홍대입구역,저녁퇴근,18:00:00,21:00:00,0,0,0
2018-08-01,2018-08-31,2018,8,경의중앙선,홍대입구역,저녁퇴근,18:00:00,21:00:00,15113,15031,30144
2018-08-01,2018-08-31,2018,8,공항철도,홍대입구역,저녁퇴근,18:00:00,21:00:00,74680,77527,152207
2018-08-01,2018-08-31,2018,8,2호선,홍대입구역,밤,21:00:00,23:59:59,601010,270782,871792
2018-08-01,2018-08-31,2018,8,경의중앙선,홍대입구역,밤,21:00:00,23:59:59,1,0,1
2018-08-01,2018-08-31,2018,8,경의중앙선,홍대입구역,밤,21:00:00,23:59:59,15919,6944,22863
2018-08-01,2018-08-31,2018,8,공항철도,홍대입구역,밤,21:00:00,23:59:59,68046,37199,105245
2018-09-01,2018-09-30,2018,9,2호선,홍대입구역,아침출근,06:00:00,09:00:00,191775,163660,355435
2018-09-01,2018-09-30,2018,9,경의중앙선,홍대입구역,아침출근,06:00:00,09:00:00,4336,8058,12394
2018-09-01,2018-09-30,2018,9,공항철도,홍대입구역,아침출근,06:00:00,09:00:00,29419,31165,60584
2018-09-01,2018-09-30,2018,9,2호선,홍대입구역,낮,09:00:00,18:00:00,919692,1383709,2303401
2018-09-01,2018-09-30,2018,9,경의중앙선,홍대입구역,낮,09:00:00,18:00:00,21637,42641,64278
2018-09-01,2018-09-30,2018,9,공항철도,홍대입구역,낮,09:00:00,18:00:00,144120,177898,322018
2018-09-01,2018-09-30,2018,9,2호선,홍대입구역,저녁퇴근,18:00:00,21:00:00,547999,608156,1156155
2018-09-01,2018-09-30,2018,9,경의중앙선,홍대입구역,저녁퇴근,18:00:00,21:00:00,15603,15703,31306
2018-09-01,2018-09-30,2018,9,공항철도,홍대입구역,저녁퇴근,18:00:00,21:00:00,77668,74993,152661
2018-09-01,2018-09-30,2018,9,2호선,홍대입구역,밤,21:00:00,23:59:59,555780,254875,810655
2018-09-01,2018-09-30,2018,9,경의중앙선,홍대입구역,밤,21:00:00,23:59:59,15963,7221,23184
2018-09-01,2018-09-30,2018,9,공항철도,홍대입구역,밤,21:00:00,23:59:59,71730,36641,108371
2018-10-01,2018-10-31,2018,10,2호선,홍대입구역,아침출근,06:00:00,09:00:00,220879,192720,413599
2018-10-01,2018-10-31,2018,10,경의중앙선,홍대입구역,아침출근,06:00:00,09:00:00,5084,9747,14831
2018-10-01,2018-10-31,2018,10,공항철도,홍대입구역,아침출근,06:00:00,09:00:00,35197,36562,71759
2018-10-01,2018-10-31,2018,10,2호선,홍대입구역,낮,09:00:00,18:00:00,1017069,1451791,2468860
2018-10-01,2018-10-31,2018,10,경의중앙선,홍대입구역,낮,09:00:00,18:00:00,24769,46579,71348
2018-10-01,2018-10-31,2018,10,공항철도,홍대입구역,낮,09:00:00,18:00:00,158636,194337,352973
2018-10-01,2018-10-31,2018,10,2호선,홍대입구역,저녁퇴근,18:00:00,21:00:00,589364,666310,1255674
2018-10-01,2018-10-31,2018,10,경의중앙선,홍대입구역,저녁퇴근,18:00:00,21:00:00,17036,17261,34297
2018-10-01,2018-10-31,2018,10,공항철도,홍대입구역,저녁퇴근,18:00:00,21:00:00,84174,85047,169221
2018-10-01,2018-10-31,2018,10,2호선,홍대입구역,밤,21:00:00,23:59:59,574377,277791,852168
2018-10-01,2018-10-31,2018,10,경의중앙선,홍대입구역,밤,21:00:00,23:59:59,16550,7743,24293
2018-10-01,2018-10-31,2018,10,공항철도,홍대입구역,밤,21:00:00,23:59:59,74379,41086,115465
2018-11-01,2018-11-30,2018,11,2호선,홍대입구역,아침출근,06:00:00,09:00:00,217230,188520,405750
2018-11-01,2018-11-30,2018,11,경의중앙선,홍대입구역,아침출근,06:00:00,09:00:00,4730,9328,14058
2018-11-01,2018-11-30,2018,11,공항철도,홍대입구역,아침출근,06:00:00,09:00:00,34656,35988,70644
2018-11-01,2018-11-30,2018,11,2호선,홍대입구역,낮,09:00:00,18:00:00,984932,1425557,2410489
2018-11-01,2018-11-30,2018,11,경의중앙선,홍대입구역,낮,09:00:00,18:00:00,22631,43472,66103
2018-11-01,2018-11-30,2018,11,공항철도,홍대입구역,낮,09:00:00,18:00:00,157157,188899,346056
2018-11-01,2018-11-30,2018,11,2호선,홍대입구역,저녁퇴근,18:00:00,21:00:00,565678,674753,1240431
2018-11-01,2018-11-30,2018,11,경의중앙선,홍대입구역,저녁퇴근,18:00:00,21:00:00,15563,16450,32013
2018-11-01,2018-11-30,2018,11,공항철도,홍대입구역,저녁퇴근,18:00:00,21:00:00,81518,85221,166739
2018-11-01,2018-11-30,2018,11,2호선,홍대입구역,밤,21:00:00,23:59:59,589863,262694,852557
2018-11-01,2018-11-30,2018,11,경의중앙선,홍대입구역,밤,21:00:00,23:59:59,16331,6646,22977
2018-11-01,2018-11-30,2018,11,공항철도,홍대입구역,밤,21:00:00,23:59:59,74479,40030,114509
2018-12-01,2018-12-31,2018,12,2호선,홍대입구역,아침출근,06:00:00,09:00:00,200199,176852,377051
2018-12-01,2018-12-31,2018,12,경의중앙선,홍대입구역,아침출근,06:00:00,09:00:00,0,0,0
2018-12-01,2018-12-31,2018,12,경의중앙선,홍대입구역,아침출근,06:00:00,09:00:00,4261,8717,12978
2018-12-01,2018-12-31,2018,12,공항철도,홍대입구역,아침출근,06:00:00,09:00:00,31103,32661,63764
2018-12-01,2018-12-31,2018,12,2호선,홍대입구역,낮,09:00:00,18:00:00,1068740,1619003,2687743
2018-12-01,2018-12-31,2018,12,경의중앙선,홍대입구역,낮,09:00:00,18:00:00,0,0,0
2018-12-01,2018-12-31,2018,12,경의중앙선,홍대입구역,낮,09:00:00,18:00:00,22725,45926,68651
2018-12-01,2018-12-31,2018,12,공항철도,홍대입구역,낮,09:00:00,18:00:00,166434,205396,371830
2018-12-01,2018-12-31,2018,12,2호선,홍대입구역,저녁퇴근,18:00:00,21:00:00,619561,692146,1311707
2018-12-01,2018-12-31,2018,12,경의중앙선,홍대입구역,저녁퇴근,18:00:00,21:00:00,0,0,0
2018-12-01,2018-12-31,2018,12,경의중앙선,홍대입구역,저녁퇴근,18:00:00,21:00:00,15498,15662,31160
2018-12-01,2018-12-31,2018,12,공항철도,홍대입구역,저녁퇴근,18:00:00,21:00:00,81886,87237,169123
2018-12-01,2018-12-31,2018,12,2호선,홍대입구역,밤,21:00:00,23:59:59,654187,288365,942552
2018-12-01,2018-12-31,2018,12,경의중앙선,홍대입구역,밤,21:00:00,23:59:59,1,0,1
2018-12-01,2018-12-31,2018,12,경의중앙선,홍대입구역,밤,21:00:00,23:59:59,17395,6844,24239
2018-12-01,2018-12-31,2018,12,공항철도,홍대입구역,밤,21:00:00,23:59:59,76954,40986,117940
2019-01-01,2019-01-31,2019,1,2호선,홍대입구역,아침출근,06:00:00,09:00:00,213763,177943,391706
2019-01-01,2019-01-31,2019,1,경의중앙선,홍대입구역,아침출근,06:00:00,09:00:00,0,0,0
2019-01-01,2019-01-31,2019,1,경의중앙선,홍대입구역,아침출근,06:00:00,09:00:00,4303,8430,12733
2019-01-01,2019-01-31,2019,1,공항철도,홍대입구역,아침출근,06:00:00,09:00:00,31901,32776,64677
2019-01-01,2019-01-31,2019,1,2호선,홍대입구역,낮,09:00:00,18:00:00,974817,1497354,2472171
2019-01-01,2019-01-31,2019,1,경의중앙선,홍대입구역,낮,09:00:00,18:00:00,1,0,1
2019-01-01,2019-01-31,2019,1,경의중앙선,홍대입구역,낮,09:00:00,18:00:00,20603,41695,62298
2019-01-01,2019-01-31,2019,1,공항철도,홍대입구역,낮,09:00:00,18:00:00,157426,196010,353436
2019-01-01,2019-01-31,2019,1,2호선,홍대입구역,저녁퇴근,18:00:00,21:00:00,600195,657515,1257710
2019-01-01,2019-01-31,2019,1,경의중앙선,홍대입구역,저녁퇴근,18:00:00,21:00:00,1,0,1
2019-01-01,2019-01-31,2019,1,경의중앙선,홍대입구역,저녁퇴근,18:00:00,21:00:00,16057,14770,30827
2019-01-01,2019-01-31,2019,1,공항철도,홍대입구역,저녁퇴근,18:00:00,21:00:00,84139,82772,166911
2019-01-01,2019-01-31,2019,1,2호선,홍대입구역,밤,21:00:00,23:59:59,615038,255509,870547
2019-01-01,2019-01-31,2019,1,경의중앙선,홍대입구역,밤,21:00:00,23:59:59,0,0,0
2019-01-01,2019-01-31,2019,1,경의중앙선,홍대입구역,밤,21:00:00,23:59:59,16045,5927,21972
2019-01-01,2019-01-31,2019,1,공항철도,홍대입구역,밤,21:00:00,23:59:59,73855,37489,111344
2019-02-01,2019-02-28,2019,2,2호선,홍대입구역,아침출근,06:00:00,09:00:00,171224,141923,313147
2019-02-01,2019-02-28,2019,2,경의중앙선,홍대입구역,아침출근,06:00:00,09:00:00,3448,6438,9886
2019-02-01,2019-02-28,2019,2,공항철도,홍대입구역,아침출근,06:00:00,09:00:00,26601,26502,53103
2019-02-01,2019-02-28,2019,2,2호선,홍대입구역,낮,09:00:00,18:00:00,889975,1425376,2315351
2019-02-01,2019-02-28,2019,2,경의중앙선,홍대입구역,낮,09:00:00,18:00:00,20020,40504,60524
2019-02-01,2019-02-28,2019,2,공항철도,홍대입구역,낮,09:00:00,18:00:00,143787,185504,329291
2019-02-01,2019-02-28,2019,2,2호선,홍대입구역,저녁퇴근,18:00:00,21:00:00,563740,582277,1146017
2019-02-01,2019-02-28,2019,2,경의중앙선,홍대입구역,저녁퇴근,18:00:00,21:00:00,14813,14031,28844
2019-02-01,2019-02-28,2019,2,공항철도,홍대입구역,저녁퇴근,18:00:00,21:00:00,78011,74093,152104
2019-02-01,2019-02-28,2019,2,2호선,홍대입구역,밤,21:00:00,23:59:59,559346,222937,782283
2019-02-01,2019-02-28,2019,2,경의중앙선,홍대입구역,밤,21:00:00,23:59:59,13606,5649,19255
2019-02-01,2019-02-28,2019,2,공항철도,홍대입구역,밤,21:00:00,23:59:59,65881,32923,98804
2019-03-01,2019-03-31,2019,3,2호선,홍대입구역,아침출근,06:00:00,09:00:00,210621,185865,396486
2019-03-01,2019-03-31,2019,3,경의중앙선,홍대입구역,아침출근,06:00:00,09:00:00,4415,8701,13116
2019-03-01,2019-03-31,2019,3,공항철도,홍대입구역,아침출근,06:00:00,09:00:00,33442,34907,68349
2019-03-01,2019-03-31,2019,3,2호선,홍대입구역,낮,09:00:00,18:00:00,1053214,1579475,2632689
2019-03-01,2019-03-31,2019,3,경의중앙선,홍대입구역,낮,09:00:00,18:00:00,24444,45698,70142
2019-03-01,2019-03-31,2019,3,공항철도,홍대입구역,낮,09:00:00,18:00:00,172891,213206,386097
2019-03-01,2019-03-31,2019,3,2호선,홍대입구역,저녁퇴근,18:00:00,21:00:00,632584,679797,1312381
2019-03-01,2019-03-31,2019,3,경의중앙선,홍대입구역,저녁퇴근,18:00:00,21:00:00,17350,16355,33705
2019-03-01,2019-03-31,2019,3,공항철도,홍대입구역,저녁퇴근,18:00:00,21:00:00,91596,88465,180061
2019-03-01,2019-03-31,2019,3,2호선,홍대입구역,밤,21:00:00,23:59:59,632327,273079,905406
2019-03-01,2019-03-31,2019,3,경의중앙선,홍대입구역,밤,21:00:00,23:59:59,16162,6461,22623
2019-03-01,2019-03-31,2019,3,공항철도,홍대입구역,밤,21:00:00,23:59:59,76690,41983,118673
2019-04-01,2019-04-30,2019,4,2호선,홍대입구역,아침출근,06:00:00,09:00:00,221394,200287,421681
2019-04-01,2019-04-30,2019,4,경의중앙선,홍대입구역,아침출근,06:00:00,09:00:00,4954,9477,14431
2019-04-01,2019-04-30,2019,4,경의중앙선,홍대입구역,아침출근,06:00:00,09:00:00,0,0,0
2019-04-01,2019-04-30,2019,4,공항철도,홍대입구역,아침출근,06:00:00,09:00:00,37250,37551,74801
2019-04-01,2019-04-30,2019,4,2호선,홍대입구역,낮,09:00:00,18:00:00,1004559,1391896,2396455
2019-04-01,2019-04-30,2019,4,경의중앙선,홍대입구역,낮,09:00:00,18:00:00,23503,41465,64968
2019-04-01,2019-04-30,2019,4,경의중앙선,홍대입구역,낮,09:00:00,18:00:00,0,0,0
2019-04-01,2019-04-30,2019,4,공항철도,홍대입구역,낮,09:00:00,18:00:00,169384,196244,365628
2019-04-01,2019-04-30,2019,4,2호선,홍대입구역,저녁퇴근,18:00:00,21:00:00,560638,657800,1218438
2019-04-01,2019-04-30,2019,4,경의중앙선,홍대입구역,저녁퇴근,18:00:00,21:00:00,16268,16125,32393
2019-04-01,2019-04-30,2019,4,경의중앙선,홍대입구역,저녁퇴근,18:00:00,21:00:00,0,0,0
2019-04-01,2019-04-30,2019,4,공항철도,홍대입구역,저녁퇴근,18:00:00,21:00:00,86373,87441,173814
2019-04-01,2019-04-30,2019,4,2호선,홍대입구역,밤,21:00:00,23:59:59,566331,277397,843728
2019-04-01,2019-04-30,2019,4,경의중앙선,홍대입구역,밤,21:00:00,23:59:59,16115,6497,22612
2019-04-01,2019-04-30,2019,4,경의중앙선,홍대입구역,밤,21:00:00,23:59:59,1,0,1
2019-04-01,2019-04-30,2019,4,공항철도,홍대입구역,밤,21:00:00,23:59:59,74924,44170,119094
2019-05-01,2019-05-31,2019,5,2호선,홍대입구역,아침출근,06:00:00,09:00:00,220596,198372,418968
2019-05-01,2019-05-31,2019,5,경의중앙선,홍대입구역,아침출근,06:00:00,09:00:00,4958,9733,14691
2019-05-01,2019-05-31,2019,5,공항철도,홍대입구역,아침출근,06:00:00,09:00:00,36570,37477,74047
2019-05-01,2019-05-31,2019,5,2호선,홍대입구역,낮,09:00:00,18:00:00,1060331,1559329,2619660
2019-05-01,2019-05-31,2019,5,경의중앙선,홍대입구역,낮,09:00:00,18:00:00,26804,48417,75221
2019-05-01,2019-05-31,2019,5,공항철도,홍대입구역,낮,09:00:00,18:00:00,176615,213999,390614
2019-05-01,2019-05-31,2019,5,2호선,홍대입구역,저녁퇴근,18:00:00,21:00:00,616225,702270,1318495
2019-05-01,2019-05-31,2019,5,경의중앙선,홍대입구역,저녁퇴근,18:00:00,21:00:00,18996,18086,37082
2019-05-01,2019-05-31,2019,5,공항철도,홍대입구역,저녁퇴근,18:00:00,21:00:00,95248,92288,187536
2019-05-01,2019-05-31,2019,5,2호선,홍대입구역,밤,21:00:00,23:59:59,636441,295002,931443
2019-05-01,2019-05-31,2019,5,경의중앙선,홍대입구역,밤,21:00:00,23:59:59,19334,7704,27038
2019-05-01,2019-05-31,2019,5,공항철도,홍대입구역,밤,21:00:00,23:59:59,88310,43821,132131
2019-06-01,2019-06-30,2019,6,2호선,홍대입구역,아침출근,06:00:00,09:00:00,203786,174554,378340
2019-06-01,2019-06-30,2019,6,경의중앙선,홍대입구역,아침출근,06:00:00,09:00:00,4486,8216,12702
2019-06-01,2019-06-30,2019,6,공항철도,홍대입구역,아침출근,06:00:00,09:00:00,33738,33455,67193
2019-06-01,2019-06-30,2019,6,2호선,홍대입구역,낮,09:00:00,18:00:00,986997,1455854,2442851
2019-06-01,2019-06-30,2019,6,경의중앙선,홍대입구역,낮,09:00:00,18:00:00,23253,42739,65992
2019-06-01,2019-06-30,2019,6,공항철도,홍대입구역,낮,09:00:00,18:00:00,169663,205044,374707
2019-06-01,2019-06-30,2019,6,2호선,홍대입구역,저녁퇴근,18:00:00,21:00:00,555480,621143,1176623
2019-06-01,2019-06-30,2019,6,경의중앙선,홍대입구역,저녁퇴근,18:00:00,21:00:00,16674,15899,32573
2019-06-01,2019-06-30,2019,6,공항철도,홍대입구역,저녁퇴근,18:00:00,21:00:00,89926,85891,175817
2019-06-01,2019-06-30,2019,6,2호선,홍대입구역,밤,21:00:00,23:59:59,579387,279069,858456
2019-06-01,2019-06-30,2019,6,경의중앙선,홍대입구역,밤,21:00:00,23:59:59,17193,7279,24472
2019-06-01,2019-06-30,2019,6,공항철도,홍대입구역,밤,21:00:00,23:59:59,83575,43749,127324
2019-07-01,2019-07-31,2019,7,2호선,홍대입구역,아침출근,06:00:00,09:00:00,216812,190194,407006
2019-07-01,2019-07-31,2019,7,경의중앙선,홍대입구역,아침출근,06:00:00,09:00:00,0,0,0
2019-07-01,2019-07-31,2019,7,경의중앙선,홍대입구역,아침출근,06:00:00,09:00:00,4556,9093,13649
2019-07-01,2019-07-31,2019,7,공항철도,홍대입구역,아침출근,06:00:00,09:00:00,35031,36872,71903
2019-07-01,2019-07-31,2019,7,2호선,홍대입구역,낮,09:00:00,18:00:00,995656,1499744,2495400
2019-07-01,2019-07-31,2019,7,경의중앙선,홍대입구역,낮,09:00:00,18:00:00,0,0,0
2019-07-01,2019-07-31,2019,7,경의중앙선,홍대입구역,낮,09:00:00,18:00:00,22639,42965,65604
2019-07-01,2019-07-31,2019,7,공항철도,홍대입구역,낮,09:00:00,18:00:00,169916,204618,374534
2019-07-01,2019-07-31,2019,7,2호선,홍대입구역,저녁퇴근,18:00:00,21:00:00,592232,660029,1252261
2019-07-01,2019-07-31,2019,7,경의중앙선,홍대입구역,저녁퇴근,18:00:00,21:00:00,0,0,0
2019-07-01,2019-07-31,2019,7,경의중앙선,홍대입구역,저녁퇴근,18:00:00,21:00:00,17793,16769,34562
2019-07-01,2019-07-31,2019,7,공항철도,홍대입구역,저녁퇴근,18:00:00,21:00:00,91807,89103,180910
2019-07-01,2019-07-31,2019,7,2호선,홍대입구역,밤,21:00:00,23:59:59,602475,270181,872656
2019-07-01,2019-07-31,2019,7,경의중앙선,홍대입구역,밤,21:00:00,23:59:59,1,0,1
2019-07-01,2019-07-31,2019,7,경의중앙선,홍대입구역,밤,21:00:00,23:59:59,18277,6909,25186
2019-07-01,2019-07-31,2019,7,공항철도,홍대입구역,밤,21:00:00,23:59:59,86150,42030,128180
2019-08-01,2019-08-31,2019,8,2호선,홍대입구역,아침출근,06:00:00,09:00:00,200600,174872,375472
2019-08-01,2019-08-31,2019,8,경의중앙선,홍대입구역,아침출근,06:00:00,09:00:00,4251,8096,12347
2019-08-01,2019-08-31,2019,8,경의중앙선,홍대입구역,아침출근,06:00:00,09:00:00,0,0,0
2019-08-01,2019-08-31,2019,8,공항철도,홍대입구역,아침출근,06:00:00,09:00:00,32971,33345,66316
2019-08-01,2019-08-31,2019,8,2호선,홍대입구역,낮,09:00:00,18:00:00,1022116,1551520,2573636
2019-08-01,2019-08-31,2019,8,경의중앙선,홍대입구역,낮,09:00:00,18:00:00,22392,44233,66625
2019-08-01,2019-08-31,2019,8,경의중앙선,홍대입구역,낮,09:00:00,18:00:00,0,0,0
2019-08-01,2019-08-31,2019,8,공항철도,홍대입구역,낮,09:00:00,18:00:00,178287,214254,392541
2019-08-01,2019-08-31,2019,8,2호선,홍대입구역,저녁퇴근,18:00:00,21:00:00,604576,672948,1277524
2019-08-01,2019-08-31,2019,8,경의중앙선,홍대입구역,저녁퇴근,18:00:00,21:00:00,17881,17046,34927
2019-08-01,2019-08-31,2019,8,경의중앙선,홍대입구역,저녁퇴근,18:00:00,21:00:00,2,0,2
2019-08-01,2019-08-31,2019,8,공항철도,홍대입구역,저녁퇴근,18:00:00,21:00:00,93407,91441,184848
2019-08-01,2019-08-31,2019,8,2호선,홍대입구역,밤,21:00:00,23:59:59,615440,281235,896675
2019-08-01,2019-08-31,2019,8,경의중앙선,홍대입구역,밤,21:00:00,23:59:59,18317,7498,25815
2019-08-01,2019-08-31,2019,8,경의중앙선,홍대입구역,밤,21:00:00,23:59:59,0,0,0
2019-08-01,2019-08-31,2019,8,공항철도,홍대입구역,밤,21:00:00,23:59:59,86572,43394,129966
2019-09-01,2019-09-30,2019,9,2호선,홍대입구역,아침출근,06:00:00,09:00:00,193424,169113,362537
2019-09-01,2019-09-30,2019,9,경의중앙선,홍대입구역,아침출근,06:00:00,09:00:00,4204,8710,12914
2019-09-01,2019-09-30,2019,9,공항철도,홍대입구역,아침출근,06:00:00,09:00:00,32983,32858,65841
2019-09-01,2019-09-30,2019,9,2호선,홍대입구역,낮,09:00:00,18:00:00,932947,1357654,2290601
2019-09-01,2019-09-30,2019,9,경의중앙선,홍대입구역,낮,09:00:00,18:00:00,23184,42786,65970
2019-09-01,2019-09-30,2019,9,공항철도,홍대입구역,낮,09:00:00,18:00:00,162521,195248,357769
2019-09-01,2019-09-30,2019,9,2호선,홍대입구역,저녁퇴근,18:00:00,21:00:00,537104,599872,1136976
2019-09-01,2019-09-30,2019,9,경의중앙선,홍대입구역,저녁퇴근,18:00:00,21:00:00,17459,15959,33418
2019-09-01,2019-09-30,2019,9,공항철도,홍대입구역,저녁퇴근,18:00:00,21:00:00,87181,83939,171120
2019-09-01,2019-09-30,2019,9,2호선,홍대입구역,밤,21:00:00,23:59:59,513068,245836,758904
2019-09-01,2019-09-30,2019,9,경의중앙선,홍대입구역,밤,21:00:00,23:59:59,16823,6453,23276
2019-09-01,2019-09-30,2019,9,공항철도,홍대입구역,밤,21:00:00,23:59:59,75372,38360,113732
2019-10-01,2019-10-31,2019,10,2호선,홍대입구역,아침출근,06:00:00,09:00:00,214936,191222,406158
2019-10-01,2019-10-31,2019,10,경의중앙선,홍대입구역,아침출근,06:00:00,09:00:00,4776,10097,14873
2019-10-01,2019-10-31,2019,10,공항철도,홍대입구역,아침출근,06:00:00,09:00:00,38527,37918,76445
2019-10-01,2019-10-31,2019,10,2호선,홍대입구역,낮,09:00:00,18:00:00,1080863,1530540,2611403
2019-10-01,2019-10-31,2019,10,경의중앙선,홍대입구역,낮,09:00:00,18:00:00,28317,50658,78975
2019-10-01,2019-10-31,2019,10,공항철도,홍대입구역,낮,09:00:00,18:00:00,195531,229615,425146
2019-10-01,2019-10-31,2019,10,2호선,홍대입구역,저녁퇴근,18:00:00,21:00:00,604691,681828,1286519
2019-10-01,2019-10-31,2019,10,경의중앙선,홍대입구역,저녁퇴근,18:00:00,21:00:00,19941,17756,37697
2019-10-01,2019-10-31,2019,10,공항철도,홍대입구역,저녁퇴근,18:00:00,21:00:00,99541,96428,195969
2019-10-01,2019-10-31,2019,10,2호선,홍대입구역,밤,21:00:00,23:59:59,578144,291664,869808
2019-10-01,2019-10-31,2019,10,경의중앙선,홍대입구역,밤,21:00:00,23:59:59,18903,7653,26556
2019-10-01,2019-10-31,2019,10,공항철도,홍대입구역,밤,21:00:00,23:59:59,86231,47752,133983
2019-11-01,2019-11-30,2019,11,2호선,홍대입구역,아침출근,06:00:00,09:00:00,205406,180631,386037
2019-11-01,2019-11-30,2019,11,경의중앙선,홍대입구역,아침출근,06:00:00,09:00:00,4693,9302,13995
2019-11-01,2019-11-30,2019,11,공항철도,홍대입구역,아침출근,06:00:00,09:00:00,35695,35483,71178
2019-11-01,2019-11-30,2019,11,2호선,홍대입구역,낮,09:00:00,18:00:00,1015322,1462410,2477732
2019-11-01,2019-11-30,2019,11,경의중앙선,홍대입구역,낮,09:00:00,18:00:00,25087,46678,71765
2019-11-01,2019-11-30,2019,11,공항철도,홍대입구역,낮,09:00:00,18:00:00,178641,214543,393184
2019-11-01,2019-11-30,2019,11,2호선,홍대입구역,저녁퇴근,18:00:00,21:00:00,568829,665402,1234231
2019-11-01,2019-11-30,2019,11,경의중앙선,홍대입구역,저녁퇴근,18:00:00,21:00:00,18284,17342,35626
2019-11-01,2019-11-30,2019,11,공항철도,홍대입구역,저녁퇴근,18:00:00,21:00:00,91446,93462,184908
2019-11-01,2019-11-30,2019,11,2호선,홍대입구역,밤,21:00:00,23:59:59,573293,264760,838053
2019-11-01,2019-11-30,2019,11,경의중앙선,홍대입구역,밤,21:00:00,23:59:59,17770,6651,24421
2019-11-01,2019-11-30,2019,11,공항철도,홍대입구역,밤,21:00:00,23:59:59,80908,42004,122912
2019-12-01,2019-12-31,2019,12,2호선,홍대입구역,아침출근,06:00:00,09:00:00,198121,179807,377928
2019-12-01,2019-12-31,2019,12,경의중앙선,홍대입구역,아침출근,06:00:00,09:00:00,4340,9678,14018
2019-12-01,2019-12-31,2019,12,공항철도,홍대입구역,아침출근,06:00:00,09:00:00,34025,35359,69384
2019-12-01,2019-12-31,2019,12,2호선,홍대입구역,낮,09:00:00,18:00:00,1105050,1658389,2763439
2019-12-01,2019-12-31,2019,12,경의중앙선,홍대입구역,낮,09:00:00,18:00:00,27616,53098,80714
2019-12-01,2019-12-31,2019,12,공항철도,홍대입구역,낮,09:00:00,18:00:00,195392,238933,434325
2019-12-01,2019-12-31,2019,12,2호선,홍대입구역,저녁퇴근,18:00:00,21:00:00,631135,700011,1331146
2019-12-01,2019-12-31,2019,12,경의중앙선,홍대입구역,저녁퇴근,18:00:00,21:00:00,18712,17893,36605
2019-12-01,2019-12-31,2019,12,공항철도,홍대입구역,저녁퇴근,18:00:00,21:00:00,97467,98104,195571
2019-12-01,2019-12-31,2019,12,2호선,홍대입구역,밤,21:00:00,23:59:59,649026,284540,933566
2019-12-01,2019-12-31,2019,12,경의중앙선,홍대입구역,밤,21:00:00,23:59:59,19324,7040,26364
2019-12-01,2019-12-31,2019,12,공항철도,홍대입구역,밤,21:00:00,23:59:59,86483,44186,130669
2020-01-01,2020-01-31,2020,1,2호선,홍대입구역,아침출근,06:00:00,09:00:00,187726,159885,347611
2020-01-01,2020-01-31,2020,1,경의중앙선,홍대입구역,아침출근,06:00:00,09:00:00,0,0,0
2020-01-01,2020-01-31,2020,1,경의중앙선,홍대입구역,아침출근,06:00:00,09:00:00,4144,8269,12413
2020-01-01,2020-01-31,2020,1,공항철도,홍대입구역,아침출근,06:00:00,09:00:00,30589,32243,62832
2020-01-01,2020-01-31,2020,1,2호선,홍대입구역,낮,09:00:00,18:00:00,937620,1439811,2377431
2020-01-01,2020-01-31,2020,1,경의중앙선,홍대입구역,낮,09:00:00,18:00:00,1,0,1
2020-01-01,2020-01-31,2020,1,경의중앙선,홍대입구역,낮,09:00:00,18:00:00,23381,44466,67847
2020-01-01,2020-01-31,2020,1,공항철도,홍대입구역,낮,09:00:00,18:00:00,169543,205608,375151
2020-01-01,2020-01-31,2020,1,2호선,홍대입구역,저녁퇴근,18:00:00,21:00:00,562067,604105,1166172
2020-01-01,2020-01-31,2020,1,경의중앙선,홍대입구역,저녁퇴근,18:00:00,21:00:00,1,0,1
2020-01-01,2020-01-31,2020,1,경의중앙선,홍대입구역,저녁퇴근,18:00:00,21:00:00,17013,15849,32862
2020-01-01,2020-01-31,2020,1,공항철도,홍대입구역,저녁퇴근,18:00:00,21:00:00,88316,84907,173223
2020-01-01,2020-01-31,2020,1,2호선,홍대입구역,밤,21:00:00,23:59:59,558260,234214,792474
2020-01-01,2020-01-31,2020,1,경의중앙선,홍대입구역,밤,21:00:00,23:59:59,0,0,0
2020-01-01,2020-01-31,2020,1,경의중앙선,홍대입구역,밤,21:00:00,23:59:59,16200,6234,22434
2020-01-01,2020-01-31,2020,1,공항철도,홍대입구역,밤,21:00:00,23:59:59,74059,38231,112290
2020-02-01,2020-02-29,2020,2,2호선,홍대입구역,아침출근,06:00:00,09:00:00,161111,145583,306694
2020-02-01,2020-02-29,2020,2,경의중앙선,홍대입구역,아침출근,06:00:00,09:00:00,3463,7043,10506
2020-02-01,2020-02-29,2020,2,공항철도,홍대입구역,아침출근,06:00:00,09:00:00,24989,27662,52651
2020-02-01,2020-02-29,2020,2,2호선,홍대입구역,낮,09:00:00,18:00:00,691100,1066543,1757643
2020-02-01,2020-02-29,2020,2,경의중앙선,홍대입구역,낮,09:00:00,18:00:00,17051,31152,48203
2020-02-01,2020-02-29,2020,2,공항철도,홍대입구역,낮,09:00:00,18:00:00,123270,158828,282098
2020-02-01,2020-02-29,2020,2,2호선,홍대입구역,저녁퇴근,18:00:00,21:00:00,437158,451154,888312
2020-02-01,2020-02-29,2020,2,경의중앙선,홍대입구역,저녁퇴근,18:00:00,21:00:00,13682,11475,25157
2020-02-01,2020-02-29,2020,2,공항철도,홍대입구역,저녁퇴근,18:00:00,21:00:00,70836,64787,135623
2020-02-01,2020-02-29,2020,2,2호선,홍대입구역,밤,21:00:00,23:59:59,405406,164987,570393
2020-02-01,2020-02-29,2020,2,경의중앙선,홍대입구역,밤,21:00:00,23:59:59,11440,4277,15717
2020-02-01,2020-02-29,2020,2,공항철도,홍대입구역,밤,21:00:00,23:59:59,55130,25841,80971
2020-03-01,2020-03-31,2020,3,2호선,홍대입구역,아침출근,06:00:00,09:00:00,131344,125186,256530
2020-03-01,2020-03-31,2020,3,경의중앙선,홍대입구역,아침출근,06:00:00,09:00:00,0,0,0
2020-03-01,2020-03-31,2020,3,경의중앙선,홍대입구역,아침출근,06:00:00,09:00:00,2840,6334,9174
2020-03-01,2020-03-31,2020,3,공항철도,홍대입구역,아침출근,06:00:00,09:00:00,17115,23423,40538
2020-03-01,2020-03-31,2020,3,2호선,홍대입구역,낮,09:00:00,18:00:00,424296,707682,1131978
2020-03-01,2020-03-31,2020,3,경의중앙선,홍대입구역,낮,09:00:00,18:00:00,0,0,0
2020-03-01,2020-03-31,2020,3,경의중앙선,홍대입구역,낮,09:00:00,18:00:00,12576,23096,35672
2020-03-01,2020-03-31,2020,3,공항철도,홍대입구역,낮,09:00:00,18:00:00,67518,107410,174928
2020-03-01,2020-03-31,2020,3,2호선,홍대입구역,저녁퇴근,18:00:00,21:00:00,323205,308506,631711
2020-03-01,2020-03-31,2020,3,경의중앙선,홍대입구역,저녁퇴근,18:00:00,21:00:00,0,0,0
2020-03-01,2020-03-31,2020,3,경의중앙선,홍대입구역,저녁퇴근,18:00:00,21:00:00,11318,8002,19320
2020-03-01,2020-03-31,2020,3,공항철도,홍대입구역,저녁퇴근,18:00:00,21:00:00,54129,42554,96683
2020-03-01,2020-03-31,2020,3,2호선,홍대입구역,밤,21:00:00,23:59:59,274843,96619,371462
2020-03-01,2020-03-31,2020,3,경의중앙선,홍대입구역,밤,21:00:00,23:59:59,1,0,1
2020-03-01,2020-03-31,2020,3,경의중앙선,홍대입구역,밤,21:00:00,23:59:59,9109,2828,11937
2020-03-01,2020-03-31,2020,3,공항철도,홍대입구역,밤,21:00:00,23:59:59,40830,12543,53373
2020-04-01,2020-04-30,2020,4,2호선,홍대입구역,아침출근,06:00:00,09:00:00,134625,124191,258816
2020-04-01,2020-04-30,2020,4,경의중앙선,홍대입구역,아침출근,06:00:00,09:00:00,3101,6547,9648
2020-04-01,2020-04-30,2020,4,공항철도,홍대입구역,아침출근,06:00:00,09:00:00,17619,23799,41418
2020-04-01,2020-04-30,2020,4,2호선,홍대입구역,낮,09:00:00,18:00:00,468782,794901,1263683
2020-04-01,2020-04-30,2020,4,경의중앙선,홍대입구역,낮,09:00:00,18:00:00,13870,25941,39811
2020-04-01,2020-04-30,2020,4,공항철도,홍대입구역,낮,09:00:00,18:00:00,74088,121782,195870
2020-04-01,2020-04-30,2020,4,2호선,홍대입구역,저녁퇴근,18:00:00,21:00:00,352150,343483,695633
2020-04-01,2020-04-30,2020,4,경의중앙선,홍대입구역,저녁퇴근,18:00:00,21:00:00,12314,9074,21388
2020-04-01,2020-04-30,2020,4,공항철도,홍대입구역,저녁퇴근,18:00:00,21:00:00,59268,47476,106744
2020-04-01,2020-04-30,2020,4,2호선,홍대입구역,밤,21:00:00,23:59:59,310620,110740,421360
2020-04-01,2020-04-30,2020,4,경의중앙선,홍대입구역,밤,21:00:00,23:59:59,10714,3302,14016
2020-04-01,2020-04-30,2020,4,공항철도,홍대입구역,밤,21:00:00,23:59:59,48514,14015,62529
2020-05-01,2020-05-31,2020,5,2호선,홍대입구역,아침출근,06:00:00,09:00:00,137573,124525,262098
2020-05-01,2020-05-31,2020,5,경의중앙선,홍대입구역,아침출근,06:00:00,09:00:00,3237,7177,10414
2020-05-01,2020-05-31,2020,5,공항철도,홍대입구역,아침출근,06:00:00,09:00:00,18715,24938,43653
2020-05-01,2020-05-31,2020,5,2호선,홍대입구역,낮,09:00:00,18:00:00,512036,795396,1307432
2020-05-01,2020-05-31,2020,5,경의중앙선,홍대입구역,낮,09:00:00,18:00:00,15650,27943,43593
2020-05-01,2020-05-31,2020,5,공항철도,홍대입구역,낮,09:00:00,18:00:00,82485,126208,208693
2020-05-01,2020-05-31,2020,5,2호선,홍대입구역,저녁퇴근,18:00:00,21:00:00,340104,313464,653568
2020-05-01,2020-05-31,2020,5,경의중앙선,홍대입구역,저녁퇴근,18:00:00,21:00:00,12945,9004,21949
2020-05-01,2020-05-31,2020,5,공항철도,홍대입구역,저녁퇴근,18:00:00,21:00:00,59438,45946,105384
2020-05-01,2020-05-31,2020,5,2호선,홍대입구역,밤,21:00:00,23:59:59,274498,113356,387854
2020-05-01,2020-05-31,2020,5,경의중앙선,홍대입구역,밤,21:00:00,23:59:59,10468,3545,14013
2020-05-01,2020-05-31,2020,5,공항철도,홍대입구역,밤,21:00:00,23:59:59,47847,15885,63732
2020-06-01,2020-06-30,2020,6,2호선,홍대입구역,아침출근,06:00:00,09:00:00,153523,144025,297548
2020-06-01,2020-06-30,2020,6,경의중앙선,홍대입구역,아침출근,06:00:00,09:00:00,0,0,0
2020-06-01,2020-06-30,2020,6,경의중앙선,홍대입구역,아침출근,06:00:00,09:00:00,3557,8099,11656
2020-06-01,2020-06-30,2020,6,공항철도,홍대입구역,아침출근,06:00:00,09:00:00,21517,29061,50578
2020-06-01,2020-06-30,2020,6,2호선,홍대입구역,낮,09:00:00,18:00:00,522849,798838,1321687
2020-06-01,2020-06-30,2020,6,경의중앙선,홍대입구역,낮,09:00:00,18:00:00,0,0,0
2020-06-01,2020-06-30,2020,6,경의중앙선,홍대입구역,낮,09:00:00,18:00:00,15510,27176,42686
2020-06-01,2020-06-30,2020,6,공항철도,홍대입구역,낮,09:00:00,18:00:00,82001,124793,206794
2020-06-01,2020-06-30,2020,6,2호선,홍대입구역,저녁퇴근,18:00:00,21:00:00,345068,338875,683943
2020-06-01,2020-06-30,2020,6,경의중앙선,홍대입구역,저녁퇴근,18:00:00,21:00:00,1,0,1
2020-06-01,2020-06-30,2020,6,경의중앙선,홍대입구역,저녁퇴근,18:00:00,21:00:00,13071,9661,22732
2020-06-01,2020-06-30,2020,6,공항철도,홍대입구역,저녁퇴근,18:00:00,21:00:00,60850,51215,112065
2020-06-01,2020-06-30,2020,6,2호선,홍대입구역,밤,21:00:00,23:59:59,284221,114055,398276
2020-06-01,2020-06-30,2020,6,경의중앙선,홍대입구역,밤,21:00:00,23:59:59,0,0,0
2020-06-01,2020-06-30,2020,6,경의중앙선,홍대입구역,밤,21:00:00,23:59:59,11179,3620,14799
2020-06-01,2020-06-30,2020,6,공항철도,홍대입구역,밤,21:00:00,23:59:59,51044,16538,67582
2020-07-01,2020-07-31,2020,7,2호선,홍대입구역,아침출근,06:00:00,09:00:00,164659,148594,313253
2020-07-01,2020-07-31,2020,7,경의중앙선,홍대입구역,아침출근,06:00:00,09:00:00,3817,8268,12085
2020-07-01,2020-07-31,2020,7,공항철도,홍대입구역,아침출근,06:00:00,09:00:00,23362,30015,53377
2020-07-01,2020-07-31,2020,7,2호선,홍대입구역,낮,09:00:00,18:00:00,595405,970385,1565790
2020-07-01,2020-07-31,2020,7,경의중앙선,홍대입구역,낮,09:00:00,18:00:00,17235,32214,49449
2020-07-01,2020-07-31,2020,7,공항철도,홍대입구역,낮,09:00:00,18:00:00,96914,154605,251519
2020-07-01,2020-07-31,2020,7,2호선,홍대입구역,저녁퇴근,18:00:00,21:00:00,400276,409845,810121
2020-07-01,2020-07-31,2020,7,경의중앙선,홍대입구역,저녁퇴근,18:00:00,21:00:00,14399,11584,25983
2020-07-01,2020-07-31,2020,7,공항철도,홍대입구역,저녁퇴근,18:00:00,21:00:00,71058,61901,132959
2020-07-01,2020-07-31,2020,7,2호선,홍대입구역,밤,21:00:00,23:59:59,370924,135339,506263
2020-07-01,2020-07-31,2020,7,경의중앙선,홍대입구역,밤,21:00:00,23:59:59,13693,4224,17917
2020-07-01,2020-07-31,2020,7,공항철도,홍대입구역,밤,21:00:00,23:59:59,65653,19002,84655
2020-08-01,2020-08-31,2020,8,2호선,홍대입구역,아침출근,06:00:00,09:00:00,137304,126874,264178
2020-08-01,2020-08-31,2020,8,경의중앙선,홍대입구역,아침출근,06:00:00,09:00:00,3258,7009,10267
2020-08-01,2020-08-31,2020,8,공항철도,홍대입구역,아침출근,06:00:00,09:00:00,20059,24753,44812
2020-08-01,2020-08-31,2020,8,2호선,홍대입구역,낮,09:00:00,18:00:00,522759,824698,1347457
2020-08-01,2020-08-31,2020,8,경의중앙선,홍대입구역,낮,09:00:00,18:00:00,15155,28040,43195
2020-08-01,2020-08-31,2020,8,공항철도,홍대입구역,낮,09:00:00,18:00:00,87746,132744,220490
2020-08-01,2020-08-31,2020,8,2호선,홍대입구역,저녁퇴근,18:00:00,21:00:00,338710,320001,658711
2020-08-01,2020-08-31,2020,8,경의중앙선,홍대입구역,저녁퇴근,18:00:00,21:00:00,12253,8811,21064
2020-08-01,2020-08-31,2020,8,공항철도,홍대입구역,저녁퇴근,18:00:00,21:00:00,59887,47155,107042
2020-08-01,2020-08-31,2020,8,2호선,홍대입구역,밤,21:00:00,23:59:59,280618,106896,387514
2020-08-01,2020-08-31,2020,8,경의중앙선,홍대입구역,밤,21:00:00,23:59:59,10900,3314,14214
2020-08-01,2020-08-31,2020,8,공항철도,홍대입구역,밤,21:00:00,23:59:59,47772,15580,63352
2020-09-01,2020-09-30,2020,9,2호선,홍대입구역,아침출근,06:00:00,09:00:00,129316,120953,250269
2020-09-01,2020-09-30,2020,9,경의중앙선,홍대입구역,아침출근,06:00:00,09:00:00,2956,6907,9863
2020-09-01,2020-09-30,2020,9,공항철도,홍대입구역,아침출근,06:00:00,09:00:00,18347,24710,43057
2020-09-01,2020-09-30,2020,9,2호선,홍대입구역,낮,09:00:00,18:00:00,438828,654801,1093629
2020-09-01,2020-09-30,2020,9,경의중앙선,홍대입구역,낮,09:00:00,18:00:00,13859,22563,36422
2020-09-01,2020-09-30,2020,9,공항철도,홍대입구역,낮,09:00:00,18:00:00,73807,107411,181218
2020-09-01,2020-09-30,2020,9,2호선,홍대입구역,저녁퇴근,18:00:00,21:00:00,289757,269573,559330
2020-09-01,2020-09-30,2020,9,경의중앙선,홍대입구역,저녁퇴근,18:00:00,21:00:00,11508,7699,19207
2020-09-01,2020-09-30,2020,9,공항철도,홍대입구역,저녁퇴근,18:00:00,21:00:00,54603,40427,95030
2020-09-01,2020-09-30,2020,9,2호선,홍대입구역,밤,21:00:00,23:59:59,199823,84647,284470
2020-09-01,2020-09-30,2020,9,경의중앙선,홍대입구역,밤,21:00:00,23:59:59,8186,2884,11070
2020-09-01,2020-09-30,2020,9,공항철도,홍대입구역,밤,21:00:00,23:59:59,37892,13187,51079
2020-10-01,2020-10-31,2020,10,2호선,홍대입구역,아침출근,06:00:00,09:00:00,144853,130301,275154
2020-10-01,2020-10-31,2020,10,경의중앙선,홍대입구역,아침출근,06:00:00,09:00:00,3456,7974,11430
2020-10-01,2020-10-31,2020,10,공항철도,홍대입구역,아침출근,06:00:00,09:00:00,20606,26521,47127
2020-10-01,2020-10-31,2020,10,2호선,홍대입구역,낮,09:00:00,18:00:00,566895,906531,1473426
2020-10-01,2020-10-31,2020,10,경의중앙선,홍대입구역,낮,09:00:00,18:00:00,17698,32317,50015
2020-10-01,2020-10-31,2020,10,공항철도,홍대입구역,낮,09:00:00,18:00:00,96197,150465,246662
2020-10-01,2020-10-31,2020,10,2호선,홍대입구역,저녁퇴근,18:00:00,21:00:00,374039,382460,756499
2020-10-01,2020-10-31,2020,10,경의중앙선,홍대입구역,저녁퇴근,18:00:00,21:00:00,14194,10908,25102
2020-10-01,2020-10-31,2020,10,공항철도,홍대입구역,저녁퇴근,18:00:00,21:00:00,68040,56341,124381
2020-10-01,2020-10-31,2020,10,2호선,홍대입구역,밤,21:00:00,23:59:59,317032,126806,443838
2020-10-01,2020-10-31,2020,10,경의중앙선,홍대입구역,밤,21:00:00,23:59:59,12533,4164,16697
2020-10-01,2020-10-31,2020,10,공항철도,홍대입구역,밤,21:00:00,23:59:59,57029,18264,75293
2020-11-01,2020-11-30,2020,11,2호선,홍대입구역,아침출근,06:00:00,09:00:00,152445,134661,287106
2020-11-01,2020-11-30,2020,11,경의중앙선,홍대입구역,아침출근,06:00:00,09:00:00,3629,7961,11590
2020-11-01,2020-11-30,2020,11,공항철도,홍대입구역,아침출근,06:00:00,09:00:00,21637,27573,49210
2020-11-01,2020-11-30,2020,11,2호선,홍대입구역,낮,09:00:00,18:00:00,565168,860544,1425712
2020-11-01,2020-11-30,2020,11,경의중앙선,홍대입구역,낮,09:00:00,18:00:00,17315,29444,46759
2020-11-01,2020-11-30,2020,11,공항철도,홍대입구역,낮,09:00:00,18:00:00,95536,140872,236408
2020-11-01,2020-11-30,2020,11,2호선,홍대입구역,저녁퇴근,18:00:00,21:00:00,359029,366707,725736
2020-11-01,2020-11-30,2020,11,경의중앙선,홍대입구역,저녁퇴근,18:00:00,21:00:00,12945,10206,23151
2020-11-01,2020-11-30,2020,11,공항철도,홍대입구역,저녁퇴근,18:00:00,21:00:00,65245,54592,119837
2020-11-01,2020-11-30,2020,11,2호선,홍대입구역,밤,21:00:00,23:59:59,292712,114786,407498
2020-11-01,2020-11-30,2020,11,경의중앙선,홍대입구역,밤,21:00:00,23:59:59,10314,3692,14006
2020-11-01,2020-11-30,2020,11,공항철도,홍대입구역,밤,21:00:00,23:59:59,49989,17140,67129
2020-12-01,2020-12-31,2020,12,2호선,홍대입구역,아침출근,06:00:00,09:00:00,123299,117637,240936
2020-12-01,2020-12-31,2020,12,경의중앙선,홍대입구역,아침출근,06:00:00,09:00:00,2902,7294,10196
2020-12-01,2020-12-31,2020,12,공항철도,홍대입구역,아침출근,06:00:00,09:00:00,17904,24047,41951
2020-12-01,2020-12-31,2020,12,2호선,홍대입구역,낮,09:00:00,18:00:00,440374,592095,1032469
2020-12-01,2020-12-31,2020,12,경의중앙선,홍대입구역,낮,09:00:00,18:00:00,13811,19910,33721
2020-12-01,2020-12-31,2020,12,공항철도,홍대입구역,낮,09:00:00,18:00:00,72988,94997,167985
2020-12-01,2020-12-31,2020,12,2호선,홍대입구역,저녁퇴근,18:00:00,21:00:00,263171,212718,475889
2020-12-01,2020-12-31,2020,12,경의중앙선,홍대입구역,저녁퇴근,18:00:00,21:00:00,9669,5675,15344
2020-12-01,2020-12-31,2020,12,공항철도,홍대입구역,저녁퇴근,18:00:00,21:00:00,46939,32499,79438
2020-12-01,2020-12-31,2020,12,2호선,홍대입구역,밤,21:00:00,23:59:59,122306,61650,183956
2020-12-01,2020-12-31,2020,12,경의중앙선,홍대입구역,밤,21:00:00,23:59:59,5813,2254,8067
2020-12-01,2020-12-31,2020,12,공항철도,홍대입구역,밤,21:00:00,23:59:59,22437,11683,34120
2021-01-01,2021-01-31,2021,1,2호선,홍대입구역,아침출근,06:00:00,09:00:00,119691,111681,231372
2021-01-01,2021-01-31,2021,1,경의중앙선,홍대입구역,아침출근,06:00:00,09:00:00,2695,7061,9756
2021-01-01,2021-01-31,2021,1,공항철도,홍대입구역,아침출근,06:00:00,09:00:00,17579,23647,41226
2021-01-01,2021-01-31,2021,1,2호선,홍대입구역,낮,09:00:00,18:00:00,456112,688343,1144455
2021-01-01,2021-01-31,2021,1,경의중앙선,홍대입구역,낮,09:00:00,18:00:00,13805,21824,35629
2021-01-01,2021-01-31,2021,1,공항철도,홍대입구역,낮,09:00:00,18:00:00,77919,109336,187255
2021-01-01,2021-01-31,2021,1,2호선,홍대입구역,저녁퇴근,18:00:00,21:00:00,314895,223393,538288
2021-01-01,2021-01-31,2021,1,경의중앙선,홍대입구역,저녁퇴근,18:00:00,21:00:00,10575,6011,16586
2021-01-01,2021-01-31,2021,1,공항철도,홍대입구역,저녁퇴근,18:00:00,21:00:00,54315,34494,88809
2021-01-01,2021-01-31,2021,1,2호선,홍대입구역,밤,21:00:00,23:59:59,165425,68132,233557
2021-01-01,2021-01-31,2021,1,경의중앙선,홍대입구역,밤,21:00:00,23:59:59,7099,2391,9490
2021-01-01,2021-01-31,2021,1,공항철도,홍대입구역,밤,21:00:00,23:59:59,29849,12853,42702
2021-02-01,2021-02-28,2021,2,2호선,홍대입구역,아침출근,06:00:00,09:00:00,113110,103393,216503
2021-02-01,2021-02-28,2021,2,경의중앙선,홍대입구역,아침출근,06:00:00,09:00:00,2736,5945,8681
2021-02-01,2021-02-28,2021,2,공항철도,홍대입구역,아침출근,06:00:00,09:00:00,17049,21907,38956
2021-02-01,2021-02-28,2021,2,2호선,홍대입구역,낮,09:00:00,18:00:00,508615,853830,1362445
2021-02-01,2021-02-28,2021,2,경의중앙선,홍대입구역,낮,09:00:00,18:00:00,15468,26315,41783
2021-02-01,2021-02-28,2021,2,공항철도,홍대입구역,낮,09:00:00,18:00:00,91486,137097,228583
2021-02-01,2021-02-28,2021,2,2호선,홍대입구역,저녁퇴근,18:00:00,21:00:00,361492,256047,617539
2021-02-01,2021-02-28,2021,2,경의중앙선,홍대입구역,저녁퇴근,18:00:00,21:00:00,11617,7343,18960
2021-02-01,2021-02-28,2021,2,공항철도,홍대입구역,저녁퇴근,18:00:00,21:00:00,64332,39463,103795
2021-02-01,2021-02-28,2021,2,2호선,홍대입구역,밤,21:00:00,23:59:59,254141,78594,332735
2021-02-01,2021-02-28,2021,2,경의중앙선,홍대입구역,밤,21:00:00,23:59:59,8060,2834,10894
2021-02-01,2021-02-28,2021,2,공항철도,홍대입구역,밤,21:00:00,23:59:59,43591,14333,57924
2021-03-01,2021-03-31,2021,3,2호선,홍대입구역,아침출근,06:00:00,09:00:00,148659,138679,287338
2021-03-01,2021-03-31,2021,3,경의중앙선,홍대입구역,아침출근,06:00:00,09:00:00,3684,8464,12148
2021-03-01,2021-03-31,2021,3,공항철도,홍대입구역,아침출근,06:00:00,09:00:00,22257,29409,51666
2021-03-01,2021-03-31,2021,3,2호선,홍대입구역,낮,09:00:00,18:00:00,574684,931836,1506520
2021-03-01,2021-03-31,2021,3,경의중앙선,홍대입구역,낮,09:00:00,18:00:00,17984,29731,47715
2021-03-01,2021-03-31,2021,3,공항철도,홍대입구역,낮,09:00:00,18:00:00,101290,152659,253949
2021-03-01,2021-03-31,2021,3,2호선,홍대입구역,저녁퇴근,18:00:00,21:00:00,386615,350519,737134
2021-03-01,2021-03-31,2021,3,경의중앙선,홍대입구역,저녁퇴근,18:00:00,21:00:00,13292,9790,23082
2021-03-01,2021-03-31,2021,3,공항철도,홍대입구역,저녁퇴근,18:00:00,21:00:00,71477,52982,124459
2021-03-01,2021-03-31,2021,3,2호선,홍대입구역,밤,21:00:00,23:59:59,345036,101782,446818
2021-03-01,2021-03-31,2021,3,경의중앙선,홍대입구역,밤,21:00:00,23:59:59,11119,3755,14874
2021-03-01,2021-03-31,2021,3,공항철도,홍대입구역,밤,21:00:00,23:59:59,59624,17745,77369
2021-04-01,2021-04-30,2021,4,2호선,홍대입구역,아침출근,06:00:00,09:00:00,150258,142313,292571
2021-04-01,2021-04-30,2021,4,경의중앙선,홍대입구역,아침출근,06:00:00,09:00:00,3615,8533,12148
2021-04-01,2021-04-30,2021,4,공항철도,홍대입구역,아침출근,06:00:00,09:00:00,22489,29545,52034
2021-04-01,2021-04-30,2021,4,2호선,홍대입구역,낮,09:00:00,18:00:00,556875,875127,1432002
2021-04-01,2021-04-30,2021,4,경의중앙선,홍대입구역,낮,09:00:00,18:00:00,17518,28688,46206
2021-04-01,2021-04-30,2021,4,공항철도,홍대입구역,낮,09:00:00,18:00:00,101129,150371,251500
2021-04-01,2021-04-30,2021,4,2호선,홍대입구역,저녁퇴근,18:00:00,21:00:00,364766,343000,707766
2021-04-01,2021-04-30,2021,4,경의중앙선,홍대입구역,저녁퇴근,18:00:00,21:00:00,12663,10019,22682
2021-04-01,2021-04-30,2021,4,공항철도,홍대입구역,저녁퇴근,18:00:00,21:00:00,70236,53892,124128
2021-04-01,2021-04-30,2021,4,2호선,홍대입구역,밤,21:00:00,23:59:59,324105,101895,426000
2021-04-01,2021-04-30,2021,4,경의중앙선,홍대입구역,밤,21:00:00,23:59:59,11138,3828,14966
2021-04-01,2021-04-30,2021,4,공항철도,홍대입구역,밤,21:00:00,23:59:59,59955,18503,78458
2021-05-01,2021-05-31,2021,5,2호선,홍대입구역,아침출근,06:00:00,09:00:00,136893,131263,268156
2021-05-01,2021-05-31,2021,5,경의중앙선,홍대입구역,아침출근,06:00:00,09:00:00,3502,7934,11436
2021-05-01,2021-05-31,2021,5,공항철도,홍대입구역,아침출근,06:00:00,09:00:00,21430,27197,48627
2021-05-01,2021-05-31,2021,5,2호선,홍대입구역,낮,09:00:00,18:00:00,614857,1018875,1633732
2021-05-01,2021-05-31,2021,5,경의중앙선,홍대입구역,낮,09:00:00,18:00:00,19641,34870,54511
2021-05-01,2021-05-31,2021,5,공항철도,홍대입구역,낮,09:00:00,18:00:00,117371,183164,300535
2021-05-01,2021-05-31,2021,5,2호선,홍대입구역,저녁퇴근,18:00:00,21:00:00,405106,343570,748676
2021-05-01,2021-05-31,2021,5,경의중앙선,홍대입구역,저녁퇴근,18:00:00,21:00:00,14278,10978,25256
2021-05-01,2021-05-31,2021,5,공항철도,홍대입구역,저녁퇴근,18:00:00,21:00:00,79393,55075,134468
2021-05-01,2021-05-31,2021,5,2호선,홍대입구역,밤,21:00:00,23:59:59,375303,106114,481417
2021-05-01,2021-05-31,2021,5,경의중앙선,홍대입구역,밤,21:00:00,23:59:59,12590,4197,16787
2021-05-01,2021-05-31,2021,5,공항철도,홍대입구역,밤,21:00:00,23:59:59,68378,19301,87679
2021-06-01,2021-06-30,2021,6,2호선,홍대입구역,아침출근,06:00:00,09:00:00,152459,144901,297360
2021-06-01,2021-06-30,2021,6,경의중앙선,홍대입구역,아침출근,06:00:00,09:00:00,3642,8775,12417
2021-06-01,2021-06-30,2021,6,공항철도,홍대입구역,아침출근,06:00:00,09:00:00,23790,30597,54387
2021-06-01,2021-06-30,2021,6,2호선,홍대입구역,낮,09:00:00,18:00:00,595648,965443,1561091
2021-06-01,2021-06-30,2021,6,경의중앙선,홍대입구역,낮,09:00:00,18:00:00,18710,32003,50713
2021-06-01,2021-06-30,2021,6,공항철도,홍대입구역,낮,09:00:00,18:00:00,109268,169119,278387
2021-06-01,2021-06-30,2021,6,2호선,홍대입구역,저녁퇴근,18:00:00,21:00:00,385584,350285,735869
2021-06-01,2021-06-30,2021,6,경의중앙선,홍대입구역,저녁퇴근,18:00:00,21:00:00,13925,10492,24417
2021-06-01,2021-06-30,2021,6,공항철도,홍대입구역,저녁퇴근,18:00:00,21:00:00,75706,56505,132211
2021-06-01,2021-06-30,2021,6,2호선,홍대입구역,밤,21:00:00,23:59:59,361350,106421,467771
2021-06-01,2021-06-30,2021,6,경의중앙선,홍대입구역,밤,21:00:00,23:59:59,12682,3899,16581
2021-06-01,2021-06-30,2021,6,공항철도,홍대입구역,밤,21:00:00,23:59:59,68871,19146,88017
2021-07-01,2021-07-31,2021,7,2호선,홍대입구역,아침출근,06:00:00,09:00:00,138523,130593,269116
2021-07-01,2021-07-31,2021,7,경의중앙선,홍대입구역,아침출근,06:00:00,09:00:00,3316,7986,11302
2021-07-01,2021-07-31,2021,7,공항철도,홍대입구역,아침출근,06:00:00,09:00:00,21463,28106,49569
2021-07-01,2021-07-31,2021,7,2호선,홍대입구역,낮,09:00:00,18:00:00,508611,739776,1248387
2021-07-01,2021-07-31,2021,7,경의중앙선,홍대입구역,낮,09:00:00,18:00:00,15554,24077,39631
2021-07-01,2021-07-31,2021,7,공항철도,홍대입구역,낮,09:00:00,18:00:00,92640,132550,225190
2021-07-01,2021-07-31,2021,7,2호선,홍대입구역,저녁퇴근,18:00:00,21:00:00,314328,260460,574788
2021-07-01,2021-07-31,2021,7,경의중앙선,홍대입구역,저녁퇴근,18:00:00,21:00:00,11509,7946,19455
2021-07-01,2021-07-31,2021,7,공항철도,홍대입구역,저녁퇴근,18:00:00,21:00:00,61542,42850,104392
2021-07-01,2021-07-31,2021,7,2호선,홍대입구역,밤,21:00:00,23:59:59,217647,81519,299166
2021-07-01,2021-07-31,2021,7,경의중앙선,홍대입구역,밤,21:00:00,23:59:59,8562,2948,11510
2021-07-01,2021-07-31,2021,7,공항철도,홍대입구역,밤,21:00:00,23:59:59,43077,15529,58606
2021-08-01,2021-08-31,2021,8,2호선,홍대입구역,아침출근,06:00:00,09:00:00,126790,121232,248022
2021-08-01,2021-08-31,2021,8,경의중앙선,홍대입구역,아침출근,06:00:00,09:00:00,2947,7385,10332
2021-08-01,2021-08-31,2021,8,공항철도,홍대입구역,아침출근,06:00:00,09:00:00,20296,26466,46762
2021-08-01,2021-08-31,2021,8,2호선,홍대입구역,낮,09:00:00,18:00:00,532725,820008,1352733
2021-08-01,2021-08-31,2021,8,경의중앙선,홍대입구역,낮,09:00:00,18:00:00,16694,28106,44800
2021-08-01,2021-08-31,2021,8,공항철도,홍대입구역,낮,09:00:00,18:00:00,100034,149211,249245
2021-08-01,2021-08-31,2021,8,2호선,홍대입구역,저녁퇴근,18:00:00,21:00:00,358440,255560,614000
2021-08-01,2021-08-31,2021,8,경의중앙선,홍대입구역,저녁퇴근,18:00:00,21:00:00,13084,8049,21133
2021-08-01,2021-08-31,2021,8,공항철도,홍대입구역,저녁퇴근,18:00:00,21:00:00,70549,42372,112921
2021-08-01,2021-08-31,2021,8,2호선,홍대입구역,밤,21:00:00,23:59:59,220176,72724,292900
2021-08-01,2021-08-31,2021,8,경의중앙선,홍대입구역,밤,21:00:00,23:59:59,8927,2976,11903
2021-08-01,2021-08-31,2021,8,공항철도,홍대입구역,밤,21:00:00,23:59:59,42382,14545,56927
2021-09-01,2021-09-30,2021,9,2호선,홍대입구역,아침출근,06:00:00,09:00:00,123607,120447,244054
2021-09-01,2021-09-30,2021,9,경의중앙선,홍대입구역,아침출근,06:00:00,09:00:00,3139,7067,10206
2021-09-01,2021-09-30,2021,9,공항철도,홍대입구역,아침출근,06:00:00,09:00:00,19805,26288,46093
2021-09-01,2021-09-30,2021,9,2호선,홍대입구역,낮,09:00:00,18:00:00,533804,851649,1385453
2021-09-01,2021-09-30,2021,9,경의중앙선,홍대입구역,낮,09:00:00,18:00:00,17118,28684,45802
2021-09-01,2021-09-30,2021,9,공항철도,홍대입구역,낮,09:00:00,18:00:00,100510,153157,253667
2021-09-01,2021-09-30,2021,9,2호선,홍대입구역,저녁퇴근,18:00:00,21:00:00,358325,272322,630647
2021-09-01,2021-09-30,2021,9,경의중앙선,홍대입구역,저녁퇴근,18:00:00,21:00:00,13289,8657,21946
2021-09-01,2021-09-30,2021,9,공항철도,홍대입구역,저녁퇴근,18:00:00,21:00:00,71219,44301,115520
2021-09-01,2021-09-30,2021,9,2호선,홍대입구역,밤,21:00:00,23:59:59,251341,80357,331698
2021-09-01,2021-09-30,2021,9,경의중앙선,홍대입구역,밤,21:00:00,23:59:59,9907,3318,13225
2021-09-01,2021-09-30,2021,9,공항철도,홍대입구역,밤,21:00:00,23:59:59,48314,15291,63605
2021-10-01,2021-10-31,2021,10,2호선,홍대입구역,아침출근,06:00:00,09:00:00,133494,129656,263150
2021-10-01,2021-10-31,2021,10,경의중앙선,홍대입구역,아침출근,06:00:00,09:00:00,3165,7726,10891
2021-10-01,2021-10-31,2021,10,공항철도,홍대입구역,아침출근,06:00:00,09:00:00,21697,27590,49287
2021-10-01,2021-10-31,2021,10,2호선,홍대입구역,낮,09:00:00,18:00:00,611186,981693,1592879
2021-10-01,2021-10-31,2021,10,경의중앙선,홍대입구역,낮,09:00:00,18:00:00,19444,33885,53329
2021-10-01,2021-10-31,2021,10,공항철도,홍대입구역,낮,09:00:00,18:00:00,116429,176548,292977
2021-10-01,2021-10-31,2021,10,2호선,홍대입구역,저녁퇴근,18:00:00,21:00:00,394105,324174,718279
2021-10-01,2021-10-31,2021,10,경의중앙선,홍대입구역,저녁퇴근,18:00:00,21:00:00,14246,10293,24539
2021-10-01,2021-10-31,2021,10,공항철도,홍대입구역,저녁퇴근,18:00:00,21:00:00,78334,52681,131015
2021-10-01,2021-10-31,2021,10,2호선,홍대입구역,밤,21:00:00,23:59:59,331230,97828,429058
2021-10-01,2021-10-31,2021,10,경의중앙선,홍대입구역,밤,21:00:00,23:59:59,11528,3912,15440
2021-10-01,2021-10-31,2021,10,공항철도,홍대입구역,밤,21:00:00,23:59:59,60171,18338,78509
2021-11-01,2021-11-30,2021,11,2호선,홍대입구역,아침출근,06:00:00,09:00:00,157835,144358,302193
2021-11-01,2021-11-30,2021,11,경의중앙선,홍대입구역,아침출근,06:00:00,09:00:00,3691,8560,12251
2021-11-01,2021-11-30,2021,11,공항철도,홍대입구역,아침출근,06:00:00,09:00:00,24462,30669,55131
2021-11-01,2021-11-30,2021,11,2호선,홍대입구역,낮,09:00:00,18:00:00,618873,987568,1606441
2021-11-01,2021-11-30,2021,11,경의중앙선,홍대입구역,낮,09:00:00,18:00:00,19457,33982,53439
2021-11-01,2021-11-30,2021,11,공항철도,홍대입구역,낮,09:00:00,18:00:00,117449,177063,294512
2021-11-01,2021-11-30,2021,11,2호선,홍대입구역,저녁퇴근,18:00:00,21:00:00,399851,398650,798501
2021-11-01,2021-11-30,2021,11,경의중앙선,홍대입구역,저녁퇴근,18:00:00,21:00:00,13877,11554,25431
2021-11-01,2021-11-30,2021,11,공항철도,홍대입구역,저녁퇴근,18:00:00,21:00:00,78041,62465,140506
2021-11-01,2021-11-30,2021,11,2호선,홍대입구역,밤,21:00:00,23:59:59,349365,120916,470281
2021-11-01,2021-11-30,2021,11,경의중앙선,홍대입구역,밤,21:00:00,23:59:59,11501,4212,15713
2021-11-01,2021-11-30,2021,11,공항철도,홍대입구역,밤,21:00:00,23:59:59,62163,19349,81512
2021-12-01,2021-12-31,2021,12,2호선,홍대입구역,아침출근,06:00:00,09:00:00,148218,146170,294388
2021-12-01,2021-12-31,2021,12,경의중앙선,홍대입구역,아침출근,06:00:00,09:00:00,3588,8799,12387
2021-12-01,2021-12-31,2021,12,공항철도,홍대입구역,아침출근,06:00:00,09:00:00,23679,30224,53903
2021-12-01,2021-12-31,2021,12,2호선,홍대입구역,낮,09:00:00,18:00:00,654696,1035069,1689765
2021-12-01,2021-12-31,2021,12,경의중앙선,홍대입구역,낮,09:00:00,18:00:00,20551,35911,56462
2021-12-01,2021-12-31,2021,12,공항철도,홍대입구역,낮,09:00:00,18:00:00,121608,184104,305712
2021-12-01,2021-12-31,2021,12,2호선,홍대입구역,저녁퇴근,18:00:00,21:00:00,436554,354941,791495
2021-12-01,2021-12-31,2021,12,경의중앙선,홍대입구역,저녁퇴근,18:00:00,21:00:00,13984,9957,23941
2021-12-01,2021-12-31,2021,12,공항철도,홍대입구역,저녁퇴근,18:00:00,21:00:00,81839,57367,139206
2021-12-01,2021-12-31,2021,12,2호선,홍대입구역,밤,21:00:00,23:59:59,328722,110304,439026
2021-12-01,2021-12-31,2021,12,경의중앙선,홍대입구역,밤,21:00:00,23:59:59,11103,4019,15122
2021-12-01,2021-12-31,2021,12,공항철도,홍대입구역,밤,21:00:00,23:59:59,57821,18748,76569
2022-01-01,2022-01-31,2022,1,2호선,홍대입구역,아침출근,06:00:00,09:00:00,133025,130206,263231
2022-01-01,2022-01-31,2022,1,경의중앙선,홍대입구역,아침출근,06:00:00,09:00:00,3430,7522,10952
2022-01-01,2022-01-31,2022,1,공항철도,홍대입구역,아침출근,06:00:00,09:00:00,21105,27214,48319
2022-01-01,2022-01-31,2022,1,2호선,홍대입구역,낮,09:00:00,18:00:00,622891,1061136,1684027
2022-01-01,2022-01-31,2022,1,경의중앙선,홍대입구역,낮,09:00:00,18:00:00,19700,35759,55459
2022-01-01,2022-01-31,2022,1,공항철도,홍대입구역,낮,09:00:00,18:00:00,119649,191622,311271
2022-01-01,2022-01-31,2022,1,2호선,홍대입구역,저녁퇴근,18:00:00,21:00:00,464120,293396,757516
2022-01-01,2022-01-31,2022,1,경의중앙선,홍대입구역,저녁퇴근,18:00:00,21:00:00,14714,8899,23613
2022-01-01,2022-01-31,2022,1,공항철도,홍대입구역,저녁퇴근,18:00:00,21:00:00,88726,47562,136288
2022-01-01,2022-01-31,2022,1,2호선,홍대입구역,밤,21:00:00,23:59:59,327791,95452,423243
2022-01-01,2022-01-31,2022,1,경의중앙선,홍대입구역,밤,21:00:00,23:59:59,10521,3762,14283
2022-01-01,2022-01-31,2022,1,공항철도,홍대입구역,밤,21:00:00,23:59:59,55757,17298,73055
2022-02-01,2022-02-28,2022,2,2호선,홍대입구역,아침출근,06:00:00,09:00:00,112704,107960,220664
2022-02-01,2022-02-28,2022,2,경의중앙선,홍대입구역,아침출근,06:00:00,09:00:00,2795,5895,8690
2022-02-01,2022-02-28,2022,2,공항철도,홍대입구역,아침출근,06:00:00,09:00:00,17847,22725,40572
2022-02-01,2022-02-28,2022,2,2호선,홍대입구역,낮,09:00:00,18:00:00,533913,885422,1419335
2022-02-01,2022-02-28,2022,2,경의중앙선,홍대입구역,낮,09:00:00,18:00:00,16826,29991,46817
2022-02-01,2022-02-28,2022,2,공항철도,홍대입구역,낮,09:00:00,18:00:00,103506,160499,264005
2022-02-01,2022-02-28,2022,2,2호선,홍대입구역,저녁퇴근,18:00:00,21:00:00,376919,255315,632234
2022-02-01,2022-02-28,2022,2,경의중앙선,홍대입구역,저녁퇴근,18:00:00,21:00:00,11758,7663,19421
2022-02-01,2022-02-28,2022,2,공항철도,홍대입구역,저녁퇴근,18:00:00,21:00:00,71971,41721,113692
2022-02-01,2022-02-28,2022,2,2호선,홍대입구역,밤,21:00:00,23:59:59,271754,78348,350102
2022-02-01,2022-02-28,2022,2,경의중앙선,홍대입구역,밤,21:00:00,23:59:59,7881,3014,10895
2022-02-01,2022-02-28,2022,2,공항철도,홍대입구역,밤,21:00:00,23:59:59,45358,14242,59600
2022-03-01,2022-03-31,2022,3,2호선,홍대입구역,아침출근,06:00:00,09:00:00,133552,130392,263944
2022-03-01,2022-03-31,2022,3,경의중앙선,홍대입구역,아침출근,06:00:00,09:00:00,3236,7087,10323
2022-03-01,2022-03-31,2022,3,공항철도,홍대입구역,아침출근,06:00:00,09:00:00,21387,27235,48622
2022-03-01,2022-03-31,2022,3,2호선,홍대입구역,낮,09:00:00,18:00:00,569124,920086,1489210
2022-03-01,2022-03-31,2022,3,경의중앙선,홍대입구역,낮,09:00:00,18:00:00,18417,31277,49694
2022-03-01,2022-03-31,2022,3,공항철도,홍대입구역,낮,09:00:00,18:00:00,103993,157797,261790
2022-03-01,2022-03-31,2022,3,2호선,홍대입구역,저녁퇴근,18:00:00,21:00:00,376714,338612,715326
2022-03-01,2022-03-31,2022,3,경의중앙선,홍대입구역,저녁퇴근,18:00:00,21:00:00,13070,9899,22969
2022-03-01,2022-03-31,2022,3,공항철도,홍대입구역,저녁퇴근,18:00:00,21:00:00,72801,50367,123168
2022-03-01,2022-03-31,2022,3,2호선,홍대입구역,밤,21:00:00,23:59:59,355862,98860,454722
2022-03-01,2022-03-31,2022,3,경의중앙선,홍대입구역,밤,21:00:00,23:59:59,10518,3574,14092
2022-03-01,2022-03-31,2022,3,공항철도,홍대입구역,밤,21:00:00,23:59:59,56440,16547,72987
2022-04-01,2022-04-30,2022,4,2호선,홍대입구역,아침출근,06:00:00,09:00:00,152402,144003,296405
2022-04-01,2022-04-30,2022,4,경의중앙선,홍대입구역,아침출근,06:00:00,09:00:00,3776,8150,11926
2022-04-01,2022-04-30,2022,4,공항철도,홍대입구역,아침출근,06:00:00,09:00:00,24706,30676,55382
2022-04-01,2022-04-30,2022,4,2호선,홍대입구역,낮,09:00:00,18:00:00,636667,1005557,1642224
2022-04-01,2022-04-30,2022,4,경의중앙선,홍대입구역,낮,09:00:00,18:00:00,20427,35351,55778
2022-04-01,2022-04-30,2022,4,공항철도,홍대입구역,낮,09:00:00,18:00:00,120733,181231,301964
2022-04-01,2022-04-30,2022,4,2호선,홍대입구역,저녁퇴근,18:00:00,21:00:00,406072,413198,819270
2022-04-01,2022-04-30,2022,4,경의중앙선,홍대입구역,저녁퇴근,18:00:00,21:00:00,14506,12390,26896
2022-04-01,2022-04-30,2022,4,공항철도,홍대입구역,저녁퇴근,18:00:00,21:00:00,80886,63331,144217
2022-04-01,2022-04-30,2022,4,2호선,홍대입구역,밤,21:00:00,23:59:59,374620,131628,506248
2022-04-01,2022-04-30,2022,4,경의중앙선,홍대입구역,밤,21:00:00,23:59:59,12322,4437,16759
2022-04-01,2022-04-30,2022,4,공항철도,홍대입구역,밤,21:00:00,23:59:59,65012,20344,85356
2022-05-01,2022-05-31,2022,5,2호선,홍대입구역,아침출근,06:00:00,09:00:00,174881,162583,337464
2022-05-01,2022-05-31,2022,5,경의중앙선,홍대입구역,아침출근,06:00:00,09:00:00,4610,9363,13973
2022-05-01,2022-05-31,2022,5,공항철도,홍대입구역,아침출근,06:00:00,09:00:00,28137,35291,63428
2022-05-01,2022-05-31,2022,5,2호선,홍대입구역,낮,09:00:00,18:00:00,758627,1201920,1960547
2022-05-01,2022-05-31,2022,5,경의중앙선,홍대입구역,낮,09:00:00,18:00:00,25148,44513,69661
2022-05-01,2022-05-31,2022,5,공항철도,홍대입구역,낮,09:00:00,18:00:00,147036,216878,363914
2022-05-01,2022-05-31,2022,5,2호선,홍대입구역,저녁퇴근,18:00:00,21:00:00,476138,462073,938211
2022-05-01,2022-05-31,2022,5,경의중앙선,홍대입구역,저녁퇴근,18:00:00,21:00:00,17195,15283,32478
2022-05-01,2022-05-31,2022,5,공항철도,홍대입구역,저녁퇴근,18:00:00,21:00:00,95661,73618,169279
2022-05-01,2022-05-31,2022,5,2호선,홍대입구역,밤,21:00:00,23:59:59,430607,169173,599780
2022-05-01,2022-05-31,2022,5,경의중앙선,홍대입구역,밤,21:00:00,23:59:59,14281,5943,20224
2022-05-01,2022-05-31,2022,5,공항철도,홍대입구역,밤,21:00:00,23:59:59,77485,25307,102792
2022-06-01,2022-06-30,2022,6,2호선,홍대입구역,아침출근,06:00:00,09:00:00,166051,155167,321218
2022-06-01,2022-06-30,2022,6,경의중앙선,홍대입구역,아침출근,06:00:00,09:00:00,4118,8801,12919
2022-06-01,2022-06-30,2022,6,공항철도,홍대입구역,아침출근,06:00:00,09:00:00,28009,33540,61549
2022-06-01,2022-06-30,2022,6,2호선,홍대입구역,낮,09:00:00,18:00:00,696124,1113983,1810107
2022-06-01,2022-06-30,2022,6,경의중앙선,홍대입구역,낮,09:00:00,18:00:00,22374,39177,61551
2022-06-01,2022-06-30,2022,6,공항철도,홍대입구역,낮,09:00:00,18:00:00,136655,207168,343823
2022-06-01,2022-06-30,2022,6,2호선,홍대입구역,저녁퇴근,18:00:00,21:00:00,431857,419561,851418
2022-06-01,2022-06-30,2022,6,경의중앙선,홍대입구역,저녁퇴근,18:00:00,21:00:00,15351,13423,28774
2022-06-01,2022-06-30,2022,6,공항철도,홍대입구역,저녁퇴근,18:00:00,21:00:00,87440,68826,156266
2022-06-01,2022-06-30,2022,6,2호선,홍대입구역,밤,21:00:00,23:59:59,399820,157210,557030
2022-06-01,2022-06-30,2022,6,경의중앙선,홍대입구역,밤,21:00:00,23:59:59,13087,5264,18351
2022-06-01,2022-06-30,2022,6,공항철도,홍대입구역,밤,21:00:00,23:59:59,73477,23728,97205
2022-07-01,2022-07-31,2022,7,2호선,홍대입구역,아침출근,06:00:00,09:00:00,170534,159777,330311
2022-07-01,2022-07-31,2022,7,경의중앙선,홍대입구역,아침출근,06:00:00,09:00:00,4188,9143,13331
2022-07-01,2022-07-31,2022,7,공항철도,홍대입구역,아침출근,06:00:00,09:00:00,28529,34414,62943
2022-07-01,2022-07-31,2022,7,2호선,홍대입구역,낮,09:00:00,18:00:00,752111,1239142,1991253
2022-07-01,2022-07-31,2022,7,경의중앙선,홍대입구역,낮,09:00:00,18:00:00,23205,43871,67076
2022-07-01,2022-07-31,2022,7,공항철도,홍대입구역,낮,09:00:00,18:00:00,151914,231048,382962
2022-07-01,2022-07-31,2022,7,2호선,홍대입구역,저녁퇴근,18:00:00,21:00:00,484129,453897,938026
2022-07-01,2022-07-31,2022,7,경의중앙선,홍대입구역,저녁퇴근,18:00:00,21:00:00,16570,14096,30666
2022-07-01,2022-07-31,2022,7,공항철도,홍대입구역,저녁퇴근,18:00:00,21:00:00,96380,74276,170656
2022-07-01,2022-07-31,2022,7,2호선,홍대입구역,밤,21:00:00,23:59:59,451723,165419,617142
2022-07-01,2022-07-31,2022,7,경의중앙선,홍대입구역,밤,21:00:00,23:59:59,14205,5659,19864
2022-07-01,2022-07-31,2022,7,공항철도,홍대입구역,밤,21:00:00,23:59:59,80075,25428,105503
2022-08-01,2022-08-31,2022,8,2호선,홍대입구역,아침출근,06:00:00,09:00:00,167166,154025,321191
2022-08-01,2022-08-31,2022,8,경의중앙선,홍대입구역,아침출근,06:00:00,09:00:00,4001,9046,13047
2022-08-01,2022-08-31,2022,8,공항철도,홍대입구역,아침출근,06:00:00,09:00:00,27069,34102,61171
2022-08-01,2022-08-31,2022,8,2호선,홍대입구역,낮,09:00:00,18:00:00,723399,1172513,1895912
2022-08-01,2022-08-31,2022,8,경의중앙선,홍대입구역,낮,09:00:00,18:00:00,22730,42250,64980
2022-08-01,2022-08-31,2022,8,공항철도,홍대입구역,낮,09:00:00,18:00:00,149901,227454,377355
2022-08-01,2022-08-31,2022,8,2호선,홍대입구역,저녁퇴근,18:00:00,21:00:00,465849,437143,902992
2022-08-01,2022-08-31,2022,8,경의중앙선,홍대입구역,저녁퇴근,18:00:00,21:00:00,16205,13590,29795
2022-08-01,2022-08-31,2022,8,공항철도,홍대입구역,저녁퇴근,18:00:00,21:00:00,94058,73153,167211
2022-08-01,2022-08-31,2022,8,2호선,홍대입구역,밤,21:00:00,23:59:59,414815,156340,571155
2022-08-01,2022-08-31,2022,8,경의중앙선,홍대입구역,밤,21:00:00,23:59:59,13522,5317,18839
2022-08-01,2022-08-31,2022,8,공항철도,홍대입구역,밤,21:00:00,23:59:59,74969,23913,98882
2022-09-01,2022-09-30,2022,9,2호선,홍대입구역,아침출근,06:00:00,09:00:00,169141,156114,325255
2022-09-01,2022-09-30,2022,9,경의중앙선,홍대입구역,아침출근,06:00:00,09:00:00,4060,9761,13821
2022-09-01,2022-09-30,2022,9,공항철도,홍대입구역,아침출근,06:00:00,09:00:00,28363,35497,63860
2022-09-01,2022-09-30,2022,9,2호선,홍대입구역,낮,09:00:00,18:00:00,733928,1124389,1858317
2022-09-01,2022-09-30,2022,9,경의중앙선,홍대입구역,낮,09:00:00,18:00:00,24107,41808,65915
2022-09-01,2022-09-30,2022,9,공항철도,홍대입구역,낮,09:00:00,18:00:00,145208,215199,360407
2022-09-01,2022-09-30,2022,9,2호선,홍대입구역,저녁퇴근,18:00:00,21:00:00,442801,450539,893340
2022-09-01,2022-09-30,2022,9,경의중앙선,홍대입구역,저녁퇴근,18:00:00,21:00:00,16305,14601,30906
2022-09-01,2022-09-30,2022,9,공항철도,홍대입구역,저녁퇴근,18:00:00,21:00:00,91496,74564,166060
2022-09-01,2022-09-30,2022,9,2호선,홍대입구역,밤,21:00:00,23:59:59,395975,170872,566847
2022-09-01,2022-09-30,2022,9,경의중앙선,홍대입구역,밤,21:00:00,23:59:59,13192,5631,18823
2022-09-01,2022-09-30,2022,9,공항철도,홍대입구역,밤,21:00:00,23:59:59,75234,26369,101603
2022-10-01,2022-10-31,2022,10,2호선,홍대입구역,아침출근,06:00:00,09:00:00,176651,158891,335542
2022-10-01,2022-10-31,2022,10,경의중앙선,홍대입구역,아침출근,06:00:00,09:00:00,4333,9854,14187
2022-10-01,2022-10-31,2022,10,공항철도,홍대입구역,아침출근,06:00:00,09:00:00,30566,36224,66790
2022-10-01,2022-10-31,2022,10,2호선,홍대입구역,낮,09:00:00,18:00:00,843031,1272565,2115596
2022-10-01,2022-10-31,2022,10,경의중앙선,홍대입구역,낮,09:00:00,18:00:00,27970,47524,75494
2022-10-01,2022-10-31,2022,10,공항철도,홍대입구역,낮,09:00:00,18:00:00,174418,243743,418161
2022-10-01,2022-10-31,2022,10,2호선,홍대입구역,저녁퇴근,18:00:00,21:00:00,493123,496901,990024
2022-10-01,2022-10-31,2022,10,경의중앙선,홍대입구역,저녁퇴근,18:00:00,21:00:00,17904,16112,34016
2022-10-01,2022-10-31,2022,10,공항철도,홍대입구역,저녁퇴근,18:00:00,21:00:00,101336,80293,181629
2022-10-01,2022-10-31,2022,10,2호선,홍대입구역,밤,21:00:00,23:59:59,435319,194923,630242
2022-10-01,2022-10-31,2022,10,경의중앙선,홍대입구역,밤,21:00:00,23:59:59,13997,6251,20248
2022-10-01,2022-10-31,2022,10,공항철도,홍대입구역,밤,21:00:00,23:59:59,79598,29323,108921
2022-11-01,2022-11-30,2022,11,2호선,홍대입구역,아침출근,06:00:00,09:00:00,177889,164588,342477
2022-11-01,2022-11-30,2022,11,경의중앙선,홍대입구역,아침출근,06:00:00,09:00:00,4080,10211,14291
2022-11-01,2022-11-30,2022,11,공항철도,홍대입구역,아침출근,06:00:00,09:00:00,29879,38801,68680
2022-11-01,2022-11-30,2022,11,2호선,홍대입구역,낮,09:00:00,18:00:00,790081,1189456,1979537
2022-11-01,2022-11-30,2022,11,경의중앙선,홍대입구역,낮,09:00:00,18:00:00,25262,41717,66979
2022-11-01,2022-11-30,2022,11,공항철도,홍대입구역,낮,09:00:00,18:00:00,159862,222867,382729
2022-11-01,2022-11-30,2022,11,2호선,홍대입구역,저녁퇴근,18:00:00,21:00:00,468535,484273,952808
2022-11-01,2022-11-30,2022,11,경의중앙선,홍대입구역,저녁퇴근,18:00:00,21:00:00,16253,14303,30556
2022-11-01,2022-11-30,2022,11,공항철도,홍대입구역,저녁퇴근,18:00:00,21:00:00,94365,78708,173073
2022-11-01,2022-11-30,2022,11,2호선,홍대입구역,밤,21:00:00,23:59:59,420060,172948,593008
2022-11-01,2022-11-30,2022,11,경의중앙선,홍대입구역,밤,21:00:00,23:59:59,12647,5094,17741
2022-11-01,2022-11-30,2022,11,공항철도,홍대입구역,밤,21:00:00,23:59:59,75575,27091,102666
2022-12-01,2022-12-31,2022,12,2호선,홍대입구역,아침출근,06:00:00,09:00:00,171686,159476,331162
2022-12-01,2022-12-31,2022,12,경의중앙선,홍대입구역,아침출근,06:00:00,09:00:00,3747,9739,13486
2022-12-01,2022-12-31,2022,12,공항철도,홍대입구역,아침출근,06:00:00,09:00:00,28498,36076,64574
2022-12-01,2022-12-31,2022,12,2호선,홍대입구역,낮,09:00:00,18:00:00,867970,1337087,2205057
2022-12-01,2022-12-31,2022,12,경의중앙선,홍대입구역,낮,09:00:00,18:00:00,25440,45638,71078
2022-12-01,2022-12-31,2022,12,공항철도,홍대입구역,낮,09:00:00,18:00:00,176683,249243,425926
2022-12-01,2022-12-31,2022,12,2호선,홍대입구역,저녁퇴근,18:00:00,21:00:00,518155,514492,1032647
2022-12-01,2022-12-31,2022,12,경의중앙선,홍대입구역,저녁퇴근,18:00:00,21:00:00,16222,14054,30276
2022-12-01,2022-12-31,2022,12,공항철도,홍대입구역,저녁퇴근,18:00:00,21:00:00,99525,82612,182137
2022-12-01,2022-12-31,2022,12,2호선,홍대입구역,밤,21:00:00,23:59:59,488445,202033,690478
2022-12-01,2022-12-31,2022,12,경의중앙선,홍대입구역,밤,21:00:00,23:59:59,13445,5321,18766
2022-12-01,2022-12-31,2022,12,공항철도,홍대입구역,밤,21:00:00,23:59:59,83804,29523,113327
2023-01-01,2023-01-31,2023,1,2호선,홍대입구역,아침출근,06:00:00,09:00:00,160912,142851,303763
2023-01-01,2023-01-31,2023,1,경의중앙선,홍대입구역,아침출근,06:00:00,09:00:00,3663,8433,12096
2023-01-01,2023-01-31,2023,1,공항철도,홍대입구역,아침출근,06:00:00,09:00:00,26407,33657,60064
2023-01-01,2023-01-31,2023,1,2호선,홍대입구역,낮,09:00:00,18:00:00,750169,1204184,1954353
2023-01-01,2023-01-31,2023,1,경의중앙선,홍대입구역,낮,09:00:00,18:00:00,23026,43038,66064
2023-01-01,2023-01-31,2023,1,공항철도,홍대입구역,낮,09:00:00,18:00:00,164698,238555,403253
2023-01-01,2023-01-31,2023,1,2호선,홍대입구역,저녁퇴근,18:00:00,21:00:00,485212,448433,933645
2023-01-01,2023-01-31,2023,1,경의중앙선,홍대입구역,저녁퇴근,18:00:00,21:00:00,15745,13050,28795
2023-01-01,2023-01-31,2023,1,공항철도,홍대입구역,저녁퇴근,18:00:00,21:00:00,97280,73764,171044
2023-01-01,2023-01-31,2023,1,2호선,홍대입구역,밤,21:00:00,23:59:59,442580,161801,604381
2023-01-01,2023-01-31,2023,1,경의중앙선,홍대입구역,밤,21:00:00,23:59:59,12423,5184,17607
2023-01-01,2023-01-31,2023,1,공항철도,홍대입구역,밤,21:00:00,23:59:59,76810,25828,102638
2023-02-01,2023-02-28,2023,2,2호선,홍대입구역,아침출근,06:00:00,09:00:00,158891,141922,300813
2023-02-01,2023-02-28,2023,2,경의중앙선,홍대입구역,아침출근,06:00:00,09:00:00,3524,8392,11916
2023-02-01,2023-02-28,2023,2,공항철도,홍대입구역,아침출근,06:00:00,09:00:00,26124,34024,60148
2023-02-01,2023-02-28,2023,2,2호선,홍대입구역,낮,09:00:00,18:00:00,767060,1241901,2008961
2023-02-01,2023-02-28,2023,2,경의중앙선,홍대입구역,낮,09:00:00,18:00:00,24218,45366,69584
2023-02-01,2023-02-28,2023,2,공항철도,홍대입구역,낮,09:00:00,18:00:00,172367,249621,421988
2023-02-01,2023-02-28,2023,2,2호선,홍대입구역,저녁퇴근,18:00:00,21:00:00,503044,460532,963576
2023-02-01,2023-02-28,2023,2,경의중앙선,홍대입구역,저녁퇴근,18:00:00,21:00:00,17069,13481,30550
2023-02-01,2023-02-28,2023,2,공항철도,홍대입구역,저녁퇴근,18:00:00,21:00:00,104865,75971,180836
2023-02-01,2023-02-28,2023,2,2호선,홍대입구역,밤,21:00:00,23:59:59,449722,165973,615695
2023-02-01,2023-02-28,2023,2,경의중앙선,홍대입구역,밤,21:00:00,23:59:59,12440,5036,17476
2023-02-01,2023-02-28,2023,2,공항철도,홍대입구역,밤,21:00:00,23:59:59,80514,25064,105578
2023-03-01,2023-03-31,2023,3,2호선,홍대입구역,아침출근,06:00:00,09:00:00,187587,174063,361650
2023-03-01,2023-03-31,2023,3,경의중앙선,홍대입구역,아침출근,06:00:00,09:00:00,4134,10726,14860
2023-03-01,2023-03-31,2023,3,공항철도,홍대입구역,아침출근,06:00:00,09:00:00,32156,41297,73453
2023-03-01,2023-03-31,2023,3,2호선,홍대입구역,낮,09:00:00,18:00:00,872419,1332243,2204662
2023-03-01,2023-03-31,2023,3,경의중앙선,홍대입구역,낮,09:00:00,18:00:00,28338,49005,77343
2023-03-01,2023-03-31,2023,3,공항철도,홍대입구역,낮,09:00:00,18:00:00,185281,257575,442856
2023-03-01,2023-03-31,2023,3,2호선,홍대입구역,저녁퇴근,18:00:00,21:00:00,535746,535263,1071009
2023-03-01,2023-03-31,2023,3,경의중앙선,홍대입구역,저녁퇴근,18:00:00,21:00:00,18502,15511,34013
2023-03-01,2023-03-31,2023,3,공항철도,홍대입구역,저녁퇴근,18:00:00,21:00:00,111775,86840,198615
2023-03-01,2023-03-31,2023,3,2호선,홍대입구역,밤,21:00:00,23:59:59,493036,200861,693897
2023-03-01,2023-03-31,2023,3,경의중앙선,홍대입구역,밤,21:00:00,23:59:59,14193,5929,20122
2023-03-01,2023-03-31,2023,3,공항철도,홍대입구역,밤,21:00:00,23:59:59,86842,31165,118007
2023-04-01,2023-04-30,2023,4,2호선,홍대입구역,아침출근,06:00:00,09:00:00,179961,166592,346553
2023-04-01,2023-04-30,2023,4,경의중앙선,홍대입구역,아침출근,06:00:00,09:00:00,4076,10121,14197
2023-04-01,2023-04-30,2023,4,공항철도,홍대입구역,아침출근,06:00:00,09:00:00,32541,39273,71814
2023-04-01,2023-04-30,2023,4,2호선,홍대입구역,낮,09:00:00,18:00:00,847464,1261927,2109391
2023-04-01,2023-04-30,2023,4,경의중앙선,홍대입구역,낮,09:00:00,18:00:00,27341,47163,74504
2023-04-01,2023-04-30,2023,4,공항철도,홍대입구역,낮,09:00:00,18:00:00,184854,248987,433841
2023-04-01,2023-04-30,2023,4,2호선,홍대입구역,저녁퇴근,18:00:00,21:00:00,506955,514304,1021259
2023-04-01,2023-04-30,2023,4,경의중앙선,홍대입구역,저녁퇴근,18:00:00,21:00:00,18002,14899,32901
2023-04-01,2023-04-30,2023,4,공항철도,홍대입구역,저녁퇴근,18:00:00,21:00:00,108321,82938,191259
2023-04-01,2023-04-30,2023,4,2호선,홍대입구역,밤,21:00:00,23:59:59,462836,208274,671110
2023-04-01,2023-04-30,2023,4,경의중앙선,홍대입구역,밤,21:00:00,23:59:59,13724,5974,19698
2023-04-01,2023-04-30,2023,4,공항철도,홍대입구역,밤,21:00:00,23:59:59,83120,32835,115955
2023-05-01,2023-05-31,2023,5,2호선,홍대입구역,아침출근,06:00:00,09:00:00,179971,170811,350782
2023-05-01,2023-05-31,2023,5,경의중앙선,홍대입구역,아침출근,06:00:00,09:00:00,4398,10916,15314
2023-05-01,2023-05-31,2023,5,공항철도,홍대입구역,아침출근,06:00:00,09:00:00,33204,40344,73548
2023-05-01,2023-05-31,2023,5,2호선,홍대입구역,낮,09:00:00,18:00:00,874826,1324081,2198907
2023-05-01,2023-05-31,2023,5,경의중앙선,홍대입구역,낮,09:00:00,18:00:00,28771,49576,78347
2023-05-01,2023-05-31,2023,5,공항철도,홍대입구역,낮,09:00:00,18:00:00,189834,256259,446093
2023-05-01,2023-05-31,2023,5,2호선,홍대입구역,저녁퇴근,18:00:00,21:00:00,518140,509151,1027291
2023-05-01,2023-05-31,2023,5,경의중앙선,홍대입구역,저녁퇴근,18:00:00,21:00:00,18927,15023,33950
2023-05-01,2023-05-31,2023,5,공항철도,홍대입구역,저녁퇴근,18:00:00,21:00:00,109160,83664,192824
2023-05-01,2023-05-31,2023,5,2호선,홍대입구역,밤,21:00:00,23:59:59,474548,215072,689620
2023-05-01,2023-05-31,2023,5,경의중앙선,홍대입구역,밤,21:00:00,23:59:59,15146,6548,21694
2023-05-01,2023-05-31,2023,5,공항철도,홍대입구역,밤,21:00:00,23:59:59,87334,33068,120402
2023-06-01,2023-06-30,2023,6,2호선,홍대입구역,아침출근,06:00:00,09:00:00,177053,166518,343571
2023-06-01,2023-06-30,2023,6,경의중앙선,홍대입구역,아침출근,06:00:00,09:00:00,4213,10367,14580
2023-06-01,2023-06-30,2023,6,공항철도,홍대입구역,아침출근,06:00:00,09:00:00,32328,39787,72115
2023-06-01,2023-06-30,2023,6,2호선,홍대입구역,낮,09:00:00,18:00:00,841201,1282940,2124141
2023-06-01,2023-06-30,2023,6,경의중앙선,홍대입구역,낮,09:00:00,18:00:00,25452,44550,70002
2023-06-01,2023-06-30,2023,6,공항철도,홍대입구역,낮,09:00:00,18:00:00,180346,245416,425762
2023-06-01,2023-06-30,2023,6,2호선,홍대입구역,저녁퇴근,18:00:00,21:00:00,492723,501559,994282
2023-06-01,2023-06-30,2023,6,경의중앙선,홍대입구역,저녁퇴근,18:00:00,21:00:00,17311,14736,32047
2023-06-01,2023-06-30,2023,6,공항철도,홍대입구역,저녁퇴근,18:00:00,21:00:00,103733,82915,186648
2023-06-01,2023-06-30,2023,6,2호선,홍대입구역,밤,21:00:00,23:59:59,469633,213981,683614
2023-06-01,2023-06-30,2023,6,경의중앙선,홍대입구역,밤,21:00:00,23:59:59,15037,6464,21501
2023-06-01,2023-06-30,2023,6,공항철도,홍대입구역,밤,21:00:00,23:59:59,88474,33224,121698
2023-07-01,2023-07-31,2023,7,2호선,홍대입구역,아침출근,06:00:00,09:00:00,175587,159791,335378
2023-07-01,2023-07-31,2023,7,경의중앙선,홍대입구역,아침출근,06:00:00,09:00:00,4415,10288,14703
2023-07-01,2023-07-31,2023,7,공항철도,홍대입구역,아침출근,06:00:00,09:00:00,31180,39393,70573
2023-07-01,2023-07-31,2023,7,2호선,홍대입구역,낮,09:00:00,18:00:00,859006,1361318,2220324
2023-07-01,2023-07-31,2023,7,경의중앙선,홍대입구역,낮,09:00:00,18:00:00,25039,47508,72547
2023-07-01,2023-07-31,2023,7,공항철도,홍대입구역,낮,09:00:00,18:00:00,195140,278120,473260
2023-07-01,2023-07-31,2023,7,2호선,홍대입구역,저녁퇴근,18:00:00,21:00:00,528503,506031,1034534
2023-07-01,2023-07-31,2023,7,경의중앙선,홍대입구역,저녁퇴근,18:00:00,21:00:00,18043,14578,32621
2023-07-01,2023-07-31,2023,7,공항철도,홍대입구역,저녁퇴근,18:00:00,21:00:00,114600,86215,200815
2023-07-01,2023-07-31,2023,7,2호선,홍대입구역,밤,21:00:00,23:59:59,490627,205120,695747
2023-07-01,2023-07-31,2023,7,경의중앙선,홍대입구역,밤,21:00:00,23:59:59,15520,6306,21826
2023-07-01,2023-07-31,2023,7,공항철도,홍대입구역,밤,21:00:00,23:59:59,93339,34116,127455
2023-08-01,2023-08-31,2023,8,2호선,홍대입구역,아침출근,06:00:00,09:00:00,172255,159585,331840
2023-08-01,2023-08-31,2023,8,경의중앙선,홍대입구역,아침출근,06:00:00,09:00:00,4184,9984,14168
2023-08-01,2023-08-31,2023,8,공항철도,홍대입구역,아침출근,06:00:00,09:00:00,32232,40014,72246
2023-08-01,2023-08-31,2023,8,2호선,홍대입구역,낮,09:00:00,18:00:00,834215,1321626,2155841
2023-08-01,2023-08-31,2023,8,경의중앙선,홍대입구역,낮,09:00:00,18:00:00,24619,46693,71312
2023-08-01,2023-08-31,2023,8,공항철도,홍대입구역,낮,09:00:00,18:00:00,196176,270451,466627
2023-08-01,2023-08-31,2023,8,2호선,홍대입구역,저녁퇴근,18:00:00,21:00:00,519085,493375,1012460
2023-08-01,2023-08-31,2023,8,경의중앙선,홍대입구역,저녁퇴근,18:00:00,21:00:00,18041,14455,32496
2023-08-01,2023-08-31,2023,8,공항철도,홍대입구역,저녁퇴근,18:00:00,21:00:00,114055,85665,199720
2023-08-01,2023-08-31,2023,8,2호선,홍대입구역,밤,21:00:00,23:59:59,462672,196770,659442
2023-08-01,2023-08-31,2023,8,경의중앙선,홍대입구역,밤,21:00:00,23:59:59,15147,6164,21311
2023-08-01,2023-08-31,2023,8,공항철도,홍대입구역,밤,21:00:00,23:59:59,88536,33424,121960
2023-09-01,2023-09-30,2023,9,2호선,홍대입구역,아침출근,06:00:00,09:00:00,169347,156180,325527
2023-09-01,2023-09-30,2023,9,경의중앙선,홍대입구역,아침출근,06:00:00,09:00:00,4292,9972,14264
2023-09-01,2023-09-30,2023,9,공항철도,홍대입구역,아침출근,06:00:00,09:00:00,31010,38875,69885
2023-09-01,2023-09-30,2023,9,2호선,홍대입구역,낮,09:00:00,18:00:00,825994,1262440,2088434
2023-09-01,2023-09-30,2023,9,경의중앙선,홍대입구역,낮,09:00:00,18:00:00,25479,45452,70931
2023-09-01,2023-09-30,2023,9,공항철도,홍대입구역,낮,09:00:00,18:00:00,180773,247917,428690
2023-09-01,2023-09-30,2023,9,2호선,홍대입구역,저녁퇴근,18:00:00,21:00:00,488314,496918,985232
2023-09-01,2023-09-30,2023,9,경의중앙선,홍대입구역,저녁퇴근,18:00:00,21:00:00,17016,15203,32219
2023-09-01,2023-09-30,2023,9,공항철도,홍대입구역,저녁퇴근,18:00:00,21:00:00,105270,83502,188772
2023-09-01,2023-09-30,2023,9,2호선,홍대입구역,밤,21:00:00,23:59:59,441375,202858,644233
2023-09-01,2023-09-30,2023,9,경의중앙선,홍대입구역,밤,21:00:00,23:59:59,14483,6360,20843
2023-09-01,2023-09-30,2023,9,공항철도,홍대입구역,밤,21:00:00,23:59:59,84203,33279,117482
2023-10-01,2023-10-31,2023,10,2호선,홍대입구역,아침출근,06:00:00,09:00:00,177562,165975,343537
2023-10-01,2023-10-31,2023,10,경의중앙선,홍대입구역,아침출근,06:00:00,09:00:00,4421,10245,14666
2023-10-01,2023-10-31,2023,10,공항철도,홍대입구역,아침출근,06:00:00,09:00:00,33096,41453,74549
2023-10-01,2023-10-31,2023,10,2호선,홍대입구역,낮,09:00:00,18:00:00,907763,1378814,2286577
2023-10-01,2023-10-31,2023,10,경의중앙선,홍대입구역,낮,09:00:00,18:00:00,29802,52969,82771
2023-10-01,2023-10-31,2023,10,공항철도,홍대입구역,낮,09:00:00,18:00:00,206910,280256,487166
2023-10-01,2023-10-31,2023,10,2호선,홍대입구역,저녁퇴근,18:00:00,21:00:00,536708,525443,1062151
2023-10-01,2023-10-31,2023,10,경의중앙선,홍대입구역,저녁퇴근,18:00:00,21:00:00,19747,16556,36303
2023-10-01,2023-10-31,2023,10,공항철도,홍대입구역,저녁퇴근,18:00:00,21:00:00,119270,87125,206395
2023-10-01,2023-10-31,2023,10,2호선,홍대입구역,밤,21:00:00,23:59:59,460141,218567,678708
2023-10-01,2023-10-31,2023,10,경의중앙선,홍대입구역,밤,21:00:00,23:59:59,15692,6871,22563
2023-10-01,2023-10-31,2023,10,공항철도,홍대입구역,밤,21:00:00,23:59:59,89234,35678,124912
2023-11-01,2023-11-30,2023,11,2호선,홍대입구역,아침출근,06:00:00,09:00:00,181207,174696,355903
2023-11-01,2023-11-30,2023,11,경의중앙선,홍대입구역,아침출근,06:00:00,09:00:00,4217,10253,14470
2023-11-01,2023-11-30,2023,11,공항철도,홍대입구역,아침출근,06:00:00,09:00:00,32396,42178,74574
2023-11-01,2023-11-30,2023,11,2호선,홍대입구역,낮,09:00:00,18:00:00,886543,1345466,2232009
2023-11-01,2023-11-30,2023,11,경의중앙선,홍대입구역,낮,09:00:00,18:00:00,26769,48700,75469
2023-11-01,2023-11-30,2023,11,공항철도,홍대입구역,낮,09:00:00,18:00:00,192476,259812,452288
2023-11-01,2023-11-30,2023,11,2호선,홍대입구역,저녁퇴근,18:00:00,21:00:00,532579,532805,1065384
2023-11-01,2023-11-30,2023,11,경의중앙선,홍대입구역,저녁퇴근,18:00:00,21:00:00,17513,14767,32280
2023-11-01,2023-11-30,2023,11,공항철도,홍대입구역,저녁퇴근,18:00:00,21:00:00,111506,87607,199113
2023-11-01,2023-11-30,2023,11,2호선,홍대입구역,밤,21:00:00,23:59:59,473348,197199,670547
2023-11-01,2023-11-30,2023,11,경의중앙선,홍대입구역,밤,21:00:00,23:59:59,14693,5523,20216
2023-11-01,2023-11-30,2023,11,공항철도,홍대입구역,밤,21:00:00,23:59:59,86382,33077,119459
2023-12-01,2023-12-31,2023,12,2호선,홍대입구역,아침출근,06:00:00,09:00:00,165933,159929,325862
2023-12-01,2023-12-31,2023,12,경의중앙선,홍대입구역,아침출근,06:00:00,09:00:00,3738,9402,13140
2023-12-01,2023-12-31,2023,12,공항철도,홍대입구역,아침출근,06:00:00,09:00:00,29492,38860,68352
2023-12-01,2023-12-31,2023,12,2호선,홍대입구역,낮,09:00:00,18:00:00,951513,1523462,2474975
2023-12-01,2023-12-31,2023,12,경의중앙선,홍대입구역,낮,09:00:00,18:00:00,28730,55936,84666
2023-12-01,2023-12-31,2023,12,공항철도,홍대입구역,낮,09:00:00,18:00:00,212626,296322,508948
2023-12-01,2023-12-31,2023,12,2호선,홍대입구역,저녁퇴근,18:00:00,21:00:00,577990,540438,1118428
2023-12-01,2023-12-31,2023,12,경의중앙선,홍대입구역,저녁퇴근,18:00:00,21:00:00,18314,15935,34249
2023-12-01,2023-12-31,2023,12,공항철도,홍대입구역,저녁퇴근,18:00:00,21:00:00,119004,88026,207030
2023-12-01,2023-12-31,2023,12,2호선,홍대입구역,밤,21:00:00,23:59:59,539379,220582,759961
2023-12-01,2023-12-31,2023,12,경의중앙선,홍대입구역,밤,21:00:00,23:59:59,16172,6364,22536
2023-12-01,2023-12-31,2023,12,공항철도,홍대입구역,밤,21:00:00,23:59:59,96573,34407,130980
2024-01-01,2024-01-31,2024,1,2호선,홍대입구역,아침출근,06:00:00,09:00:00,177825,166260,344085
2024-01-01,2024-01-31,2024,1,경의중앙선,홍대입구역,아침출근,06:00:00,09:00:00,3914,9374,13288
2024-01-01,2024-01-31,2024,1,공항철도,홍대입구역,아침출근,06:00:00,09:00:00,29310,40577,69887
2024-01-01,2024-01-31,2024,1,2호선,홍대입구역,낮,09:00:00,18:00:00,839557,1364540,2204097
2024-01-01,2024-01-31,2024,1,경의중앙선,홍대입구역,낮,09:00:00,18:00:00,24641,50993,75634
2024-01-01,2024-01-31,2024,1,공항철도,홍대입구역,낮,09:00:00,18:00:00,195069,275200,470269
2024-01-01,2024-01-31,2024,1,2호선,홍대입구역,저녁퇴근,18:00:00,21:00:00,547699,494311,1042010
2024-01-01,2024-01-31,2024,1,경의중앙선,홍대입구역,저녁퇴근,18:00:00,21:00:00,17719,14062,31781
2024-01-01,2024-01-31,2024,1,공항철도,홍대입구역,저녁퇴근,18:00:00,21:00:00,117608,80927,198535
2024-01-01,2024-01-31,2024,1,2호선,홍대입구역,밤,21:00:00,23:59:59,481825,177678,659503
2024-01-01,2024-01-31,2024,1,경의중앙선,홍대입구역,밤,21:00:00,23:59:59,14682,5020,19702
2024-01-01,2024-01-31,2024,1,공항철도,홍대입구역,밤,21:00:00,23:59:59,87481,28683,116164
2024-02-01,2024-02-29,2024,2,2호선,홍대입구역,아침출근,06:00:00,09:00:00,154087,142610,296697
2024-02-01,2024-02-29,2024,2,경의중앙선,홍대입구역,아침출근,06:00:00,09:00:00,3397,7919,11316
2024-02-01,2024-02-29,2024,2,공항철도,홍대입구역,아침출근,06:00:00,09:00:00,27377,35134,62511
2024-02-01,2024-02-29,2024,2,2호선,홍대입구역,낮,09:00:00,18:00:00,829050,1367074,2196124
2024-02-01,2024-02-29,2024,2,경의중앙선,홍대입구역,낮,09:00:00,18:00:00,25043,51900,76943
2024-02-01,2024-02-29,2024,2,공항철도,홍대입구역,낮,09:00:00,18:00:00,193191,274286,467477
2024-02-01,2024-02-29,2024,2,2호선,홍대입구역,저녁퇴근,18:00:00,21:00:00,545136,473792,1018928
2024-02-01,2024-02-29,2024,2,경의중앙선,홍대입구역,저녁퇴근,18:00:00,21:00:00,17648,14078,31726
2024-02-01,2024-02-29,2024,2,공항철도,홍대입구역,저녁퇴근,18:00:00,21:00:00,116891,79640,196531
2024-02-01,2024-02-29,2024,2,2호선,홍대입구역,밤,21:00:00,23:59:59,468980,178373,647353
2024-02-01,2024-02-29,2024,2,경의중앙선,홍대입구역,밤,21:00:00,23:59:59,13368,5453,18821
2024-02-01,2024-02-29,2024,2,공항철도,홍대입구역,밤,21:00:00,23:59:59,85029,29422,114451
2024-03-01,2024-03-31,2024,3,2호선,홍대입구역,아침출근,06:00:00,09:00:00,176769,174901,351670
2024-03-01,2024-03-31,2024,3,경의중앙선,홍대입구역,아침출근,06:00:00,09:00:00,4076,9826,13902
2024-03-01,2024-03-31,2024,3,공항철도,홍대입구역,아침출근,06:00:00,09:00:00,31366,41700,73066
2024-03-01,2024-03-31,2024,3,2호선,홍대입구역,낮,09:00:00,18:00:00,961062,1496103,2457165
2024-03-01,2024-03-31,2024,3,경의중앙선,홍대입구역,낮,09:00:00,18:00:00,28503,54205,82708
2024-03-01,2024-03-31,2024,3,공항철도,홍대입구역,낮,09:00:00,18:00:00,212463,284337,496800
2024-03-01,2024-03-31,2024,3,2호선,홍대입구역,저녁퇴근,18:00:00,21:00:00,587091,550404,1137495
2024-03-01,2024-03-31,2024,3,경의중앙선,홍대입구역,저녁퇴근,18:00:00,21:00:00,19588,16164,35752
2024-03-01,2024-03-31,2024,3,공항철도,홍대입구역,저녁퇴근,18:00:00,21:00:00,123633,89921,213554
2024-03-01,2024-03-31,2024,3,2호선,홍대입구역,밤,21:00:00,23:59:59,521196,214438,735634
2024-03-01,2024-03-31,2024,3,경의중앙선,홍대입구역,밤,21:00:00,23:59:59,15449,6283,21732
2024-03-01,2024-03-31,2024,3,공항철도,홍대입구역,밤,21:00:00,23:59:59,92929,35751,128680
2024-04-01,2024-04-30,2024,4,2호선,홍대입구역,아침출근,06:00:00,09:00:00,181760,182897,364657
2024-04-01,2024-04-30,2024,4,경의중앙선,홍대입구역,아침출근,06:00:00,09:00:00,4022,10546,14568
2024-04-01,2024-04-30,2024,4,공항철도,홍대입구역,아침출근,06:00:00,09:00:00,34079,44458,78537
2024-04-01,2024-04-30,2024,4,2호선,홍대입구역,낮,09:00:00,18:00:00,918076,1346789,2264865
2024-04-01,2024-04-30,2024,4,경의중앙선,홍대입구역,낮,09:00:00,18:00:00,28899,50247,79146
2024-04-01,2024-04-30,2024,4,공항철도,홍대입구역,낮,09:00:00,18:00:00,204787,261734,466521
2024-04-01,2024-04-30,2024,4,2호선,홍대입구역,저녁퇴근,18:00:00,21:00:00,533950,535013,1068963
2024-04-01,2024-04-30,2024,4,경의중앙선,홍대입구역,저녁퇴근,18:00:00,21:00:00,19779,16503,36282
2024-04-01,2024-04-30,2024,4,공항철도,홍대입구역,저녁퇴근,18:00:00,21:00:00,118164,88889,207053
2024-04-01,2024-04-30,2024,4,2호선,홍대입구역,밤,21:00:00,23:59:59,475740,224221,699961
2024-04-01,2024-04-30,2024,4,경의중앙선,홍대입구역,밤,21:00:00,23:59:59,15801,7102,22903
2024-04-01,2024-04-30,2024,4,공항철도,홍대입구역,밤,21:00:00,23:59:59,89509,36905,126414
2024-05-01,2024-05-31,2024,5,2호선,홍대입구역,아침출근,06:00:00,09:00:00,179073,180425,359498
2024-05-01,2024-05-31,2024,5,경의중앙선,홍대입구역,아침출근,06:00:00,09:00:00,4284,10592,14876
2024-05-01,2024-05-31,2024,5,공항철도,홍대입구역,아침출근,06:00:00,09:00:00,33922,45034,78956
2024-05-01,2024-05-31,2024,5,2호선,홍대입구역,낮,09:00:00,18:00:00,979169,1483884,2463053
2024-05-01,2024-05-31,2024,5,경의중앙선,홍대입구역,낮,09:00:00,18:00:00,32163,57928,90091
2024-05-01,2024-05-31,2024,5,공항철도,홍대입구역,낮,09:00:00,18:00:00,221236,290120,511356
2024-05-01,2024-05-31,2024,5,2호선,홍대입구역,저녁퇴근,18:00:00,21:00:00,569211,544009,1113220
2024-05-01,2024-05-31,2024,5,경의중앙선,홍대입구역,저녁퇴근,18:00:00,21:00:00,20943,16884,37827
2024-05-01,2024-05-31,2024,5,공항철도,홍대입구역,저녁퇴근,18:00:00,21:00:00,125982,90005,215987
2024-05-01,2024-05-31,2024,5,2호선,홍대입구역,밤,21:00:00,23:59:59,512777,237574,750351
2024-05-01,2024-05-31,2024,5,경의중앙선,홍대입구역,밤,21:00:00,23:59:59,17216,7351,24567
2024-05-01,2024-05-31,2024,5,공항철도,홍대입구역,밤,21:00:00,23:59:59,96576,38083,134659
2024-06-01,2024-06-30,2024,6,2호선,홍대입구역,아침출근,06:00:00,09:00:00,167791,166681,334472
2024-06-01,2024-06-30,2024,6,경의중앙선,홍대입구역,아침출근,06:00:00,09:00:00,3997,9773,13770
2024-06-01,2024-06-30,2024,6,공항철도,홍대입구역,아침출근,06:00:00,09:00:00,32294,41131,73425
2024-06-01,2024-06-30,2024,6,2호선,홍대입구역,낮,09:00:00,18:00:00,902248,1394294,2296542
2024-06-01,2024-06-30,2024,6,경의중앙선,홍대입구역,낮,09:00:00,18:00:00,27881,49713,77594
2024-06-01,2024-06-30,2024,6,공항철도,홍대입구역,낮,09:00:00,18:00:00,203284,271129,474413
2024-06-01,2024-06-30,2024,6,2호선,홍대입구역,저녁퇴근,18:00:00,21:00:00,529156,505585,1034741
2024-06-01,2024-06-30,2024,6,경의중앙선,홍대입구역,저녁퇴근,18:00:00,21:00:00,18787,14563,33350
2024-06-01,2024-06-30,2024,6,공항철도,홍대입구역,저녁퇴근,18:00:00,21:00:00,117281,83651,200932
2024-06-01,2024-06-30,2024,6,2호선,홍대입구역,밤,21:00:00,23:59:59,488057,221743,709800
2024-06-01,2024-06-30,2024,6,경의중앙선,홍대입구역,밤,21:00:00,23:59:59,16144,6493,22637
2024-06-01,2024-06-30,2024,6,공항철도,홍대입구역,밤,21:00:00,23:59:59,92789,37058,129847
2024-07-01,2024-07-31,2024,7,2호선,홍대입구역,아침출근,06:00:00,09:00:00,182588,180157,362745
2024-07-01,2024-07-31,2024,7,경의중앙선,홍대입구역,아침출근,06:00:00,09:00:00,4119,10577,14696
2024-07-01,2024-07-31,2024,7,공항철도,홍대입구역,아침출근,06:00:00,09:00:00,34326,44309,78635
2024-07-01,2024-07-31,2024,7,2호선,홍대입구역,낮,09:00:00,18:00:00,931368,1471594,2402962
2024-07-01,2024-07-31,2024,7,경의중앙선,홍대입구역,낮,09:00:00,18:00:00,28144,52696,80840
2024-07-01,2024-07-31,2024,7,공항철도,홍대입구역,낮,09:00:00,18:00:00,218028,292961,510989
2024-07-01,2024-07-31,2024,7,2호선,홍대입구역,저녁퇴근,18:00:00,21:00:00,582547,532552,1115099
2024-07-01,2024-07-31,2024,7,경의중앙선,홍대입구역,저녁퇴근,18:00:00,21:00:00,20559,15761,36320
2024-07-01,2024-07-31,2024,7,공항철도,홍대입구역,저녁퇴근,18:00:00,21:00:00,130304,90045,220349
2024-07-01,2024-07-31,2024,7,2호선,홍대입구역,밤,21:00:00,23:59:59,505136,211822,716958
2024-07-01,2024-07-31,2024,7,경의중앙선,홍대입구역,밤,21:00:00,23:59:59,16439,6239,22678
2024-07-01,2024-07-31,2024,7,공항철도,홍대입구역,밤,21:00:00,23:59:59,95749,36722,132471
2024-08-01,2024-08-31,2024,8,2호선,홍대입구역,아침출근,06:00:00,09:00:00,165428,164371,329799
2024-08-01,2024-08-31,2024,8,경의중앙선,홍대입구역,아침출근,06:00:00,09:00:00,3960,9635,13595
2024-08-01,2024-08-31,2024,8,공항철도,홍대입구역,아침출근,06:00:00,09:00:00,31968,40955,72923
2024-08-01,2024-08-31,2024,8,2호선,홍대입구역,낮,09:00:00,18:00:00,915463,1444440,2359903
2024-08-01,2024-08-31,2024,8,경의중앙선,홍대입구역,낮,09:00:00,18:00:00,27433,52152,79585
2024-08-01,2024-08-31,2024,8,공항철도,홍대입구역,낮,09:00:00,18:00:00,217231,296462,513693
2024-08-01,2024-08-31,2024,8,2호선,홍대입구역,저녁퇴근,18:00:00,21:00:00,569460,520000,1089460
2024-08-01,2024-08-31,2024,8,경의중앙선,홍대입구역,저녁퇴근,18:00:00,21:00:00,20498,15483,35981
2024-08-01,2024-08-31,2024,8,공항철도,홍대입구역,저녁퇴근,18:00:00,21:00:00,128506,87867,216373
2024-08-01,2024-08-31,2024,8,2호선,홍대입구역,밤,21:00:00,23:59:59,502598,209817,712415
2024-08-01,2024-08-31,2024,8,경의중앙선,홍대입구역,밤,21:00:00,23:59:59,16708,6166,22874
2024-08-01,2024-08-31,2024,8,공항철도,홍대입구역,밤,21:00:00,23:59:59,96729,35839,132568
2024-09-01,2024-09-30,2024,9,2호선,홍대입구역,아침출근,06:00:00,09:00:00,159553,159097,318650
2024-09-01,2024-09-30,2024,9,경의중앙선,홍대입구역,아침출근,06:00:00,09:00:00,3706,9669,13375
2024-09-01,2024-09-30,2024,9,공항철도,홍대입구역,아침출근,06:00:00,09:00:00,31712,38821,70533
2024-09-01,2024-09-30,2024,9,2호선,홍대입구역,낮,09:00:00,18:00:00,880857,1336325,2217182
2024-09-01,2024-09-30,2024,9,경의중앙선,홍대입구역,낮,09:00:00,18:00:00,27334,48507,75841
2024-09-01,2024-09-30,2024,9,공항철도,홍대입구역,낮,09:00:00,18:00:00,196369,259915,456284
2024-09-01,2024-09-30,2024,9,2호선,홍대입구역,저녁퇴근,18:00:00,21:00:00,517516,493737,1011253
2024-09-01,2024-09-30,2024,9,경의중앙선,홍대입구역,저녁퇴근,18:00:00,21:00:00,18987,14588,33575
2024-09-01,2024-09-30,2024,9,공항철도,홍대입구역,저녁퇴근,18:00:00,21:00:00,114047,80683,194730
2024-09-01,2024-09-30,2024,9,2호선,홍대입구역,밤,21:00:00,23:59:59,447272,203846,651118
2024-09-01,2024-09-30,2024,9,경의중앙선,홍대입구역,밤,21:00:00,23:59:59,15366,5909,21275
2024-09-01,2024-09-30,2024,9,공항철도,홍대입구역,밤,21:00:00,23:59:59,85759,34369,120128
2024-10-01,2024-10-31,2024,10,2호선,홍대입구역,아침출근,06:00:00,09:00:00,176327,177742,354069
2024-10-01,2024-10-31,2024,10,경의중앙선,홍대입구역,아침출근,06:00:00,09:00:00,4249,10985,15234
2024-10-01,2024-10-31,2024,10,공항철도,홍대입구역,아침출근,06:00:00,09:00:00,35372,43085,78457
2024-10-01,2024-10-31,2024,10,2호선,홍대입구역,낮,09:00:00,18:00:00,1000201,1490785,2490986
2024-10-01,2024-10-31,2024,10,경의중앙선,홍대입구역,낮,09:00:00,18:00:00,33377,55672,89049
2024-10-01,2024-10-31,2024,10,공항철도,홍대입구역,낮,09:00:00,18:00:00,227934,290197,518131
2024-10-01,2024-10-31,2024,10,2호선,홍대입구역,저녁퇴근,18:00:00,21:00:00,575218,549919,1125137
2024-10-01,2024-10-31,2024,10,경의중앙선,홍대입구역,저녁퇴근,18:00:00,21:00:00,21973,16732,38705
2024-10-01,2024-10-31,2024,10,공항철도,홍대입구역,저녁퇴근,18:00:00,21:00:00,128013,89992,218005
2024-10-01,2024-10-31,2024,10,2호선,홍대입구역,밤,21:00:00,23:59:59,481113,226913,708026
2024-10-01,2024-10-31,2024,10,경의중앙선,홍대입구역,밤,21:00:00,23:59:59,16754,7643,24397
2024-10-01,2024-10-31,2024,10,공항철도,홍대입구역,밤,21:00:00,23:59:59,93926,38105,132031
2024-11-01,2024-11-30,2024,11,2호선,홍대입구역,아침출근,06:00:00,09:00:00,177062,175327,352389
2024-11-01,2024-11-30,2024,11,경의중앙선,홍대입구역,아침출근,06:00:00,09:00:00,4336,10510,14846
2024-11-01,2024-11-30,2024,11,공항철도,홍대입구역,아침출근,06:00:00,09:00:00,34161,43267,77428
2024-11-01,2024-11-30,2024,11,2호선,홍대입구역,낮,09:00:00,18:00:00,962543,1457488,2420031
2024-11-01,2024-11-30,2024,11,경의중앙선,홍대입구역,낮,09:00:00,18:00:00,29678,52661,82339
2024-11-01,2024-11-30,2024,11,공항철도,홍대입구역,낮,09:00:00,18:00:00,215914,280799,496713
2024-11-01,2024-11-30,2024,11,2호선,홍대입구역,저녁퇴근,18:00:00,21:00:00,559795,556244,1116039
2024-11-01,2024-11-30,2024,11,경의중앙선,홍대입구역,저녁퇴근,18:00:00,21:00:00,20027,15990,36017
2024-11-01,2024-11-30,2024,11,공항철도,홍대입구역,저녁퇴근,18:00:00,21:00:00,122677,90337,213014
2024-11-01,2024-11-30,2024,11,2호선,홍대입구역,밤,21:00:00,23:59:59,497230,213529,710759
2024-11-01,2024-11-30,2024,11,경의중앙선,홍대입구역,밤,21:00:00,23:59:59,16664,5644,22308
2024-11-01,2024-11-30,2024,11,공항철도,홍대입구역,밤,21:00:00,23:59:59,94579,35087,129666
2024-12-01,2024-12-31,2024,12,2호선,홍대입구역,아침출근,06:00:00,09:00:00,166912,169816,336728
2024-12-01,2024-12-31,2024,12,경의중앙선,홍대입구역,아침출근,06:00:00,09:00:00,3849,9579,13428
2024-12-01,2024-12-31,2024,12,공항철도,홍대입구역,아침출근,06:00:00,09:00:00,31195,42195,73390
2024-12-01,2024-12-31,2024,12,2호선,홍대입구역,낮,09:00:00,18:00:00,1024393,1597943,2622336
2024-12-01,2024-12-31,2024,12,경의중앙선,홍대입구역,낮,09:00:00,18:00:00,29709,55723,85432
2024-12-01,2024-12-31,2024,12,공항철도,홍대입구역,낮,09:00:00,18:00:00,231276,308688,539964
2024-12-01,2024-12-31,2024,12,2호선,홍대입구역,저녁퇴근,18:00:00,21:00:00,611708,566857,1178565
2024-12-01,2024-12-31,2024,12,경의중앙선,홍대입구역,저녁퇴근,18:00:00,21:00:00,19584,15683,35267
2024-12-01,2024-12-31,2024,12,공항철도,홍대입구역,저녁퇴근,18:00:00,21:00:00,130204,91832,222036
2024-12-01,2024-12-31,2024,12,2호선,홍대입구역,밤,21:00:00,23:59:59,545027,229730,774757
2024-12-01,2024-12-31,2024,12,경의중앙선,홍대입구역,밤,21:00:00,23:59:59,16114,6148,22262
2024-12-01,2024-12-31,2024,12,공항철도,홍대입구역,밤,21:00:00,23:59:59,99865,37602,137467
2025-01-01,2025-01-31,2025,1,2호선,홍대입구역,아침출근,06:00:00,09:00:00,149769,146727,296496
2025-01-01,2025-01-31,2025,1,경의중앙선,홍대입구역,아침출근,06:00:00,09:00:00,3159,8102,11261
2025-01-01,2025-01-31,2025,1,공항철도,홍대입구역,아침출근,06:00:00,09:00:00,26752,35664,62416
2025-01-01,2025-01-31,2025,1,2호선,홍대입구역,낮,09:00:00,18:00:00,858171,1380076,2238247
2025-01-01,2025-01-31,2025,1,경의중앙선,홍대입구역,낮,09:00:00,18:00:00,26597,48366,74963
2025-01-01,2025-01-31,2025,1,공항철도,홍대입구역,낮,09:00:00,18:00:00,199386,272909,472295
2025-01-01,2025-01-31,2025,1,2호선,홍대입구역,저녁퇴근,18:00:00,21:00:00,535661,471661,1007322
2025-01-01,2025-01-31,2025,1,경의중앙선,홍대입구역,저녁퇴근,18:00:00,21:00:00,17458,13073,30531
2025-01-01,2025-01-31,2025,1,공항철도,홍대입구역,저녁퇴근,18:00:00,21:00:00,116824,76315,193139
2025-01-01,2025-01-31,2025,1,2호선,홍대입구역,밤,21:00:00,23:59:59,470829,181841,652670
2025-01-01,2025-01-31,2025,1,경의중앙선,홍대입구역,밤,21:00:00,23:59:59,14187,4696,18883
2025-01-01,2025-01-31,2025,1,공항철도,홍대입구역,밤,21:00:00,23:59:59,86245,30115,116360
2025-02-01,2025-02-28,2025,2,2호선,홍대입구역,아침출근,06:00:00,09:00:00,154042,152464,306506
2025-02-01,2025-02-28,2025,2,경의중앙선,홍대입구역,아침출근,06:00:00,09:00:00,3135,8274,11409
2025-02-01,2025-02-28,2025,2,공항철도,홍대입구역,아침출근,06:00:00,09:00:00,26683,37183,63866
2025-02-01,2025-02-28,2025,2,2호선,홍대입구역,낮,09:00:00,18:00:00,847202,1387512,2234714
2025-02-01,2025-02-28,2025,2,경의중앙선,홍대입구역,낮,09:00:00,18:00:00,26486,49298,75784
2025-02-01,2025-02-28,2025,2,공항철도,홍대입구역,낮,09:00:00,18:00:00,199023,276306,475329
2025-02-01,2025-02-28,2025,2,2호선,홍대입구역,저녁퇴근,18:00:00,21:00:00,561785,467588,1029373
2025-02-01,2025-02-28,2025,2,경의중앙선,홍대입구역,저녁퇴근,18:00:00,21:00:00,18396,13061,31457
2025-02-01,2025-02-28,2025,2,공항철도,홍대입구역,저녁퇴근,18:00:00,21:00:00,123235,77137,200372
2025-02-01,2025-02-28,2025,2,2호선,홍대입구역,밤,21:00:00,23:59:59,463623,170778,634401
2025-02-01,2025-02-28,2025,2,경의중앙선,홍대입구역,밤,21:00:00,23:59:59,13845,4497,18342
2025-02-01,2025-02-28,2025,2,공항철도,홍대입구역,밤,21:00:00,23:59:59,84890,28235,113125
2025-03-01,2025-03-31,2025,3,2호선,홍대입구역,아침출근,06:00:00,09:00:00,172395,175271,347666
2025-03-01,2025-03-31,2025,3,경의중앙선,홍대입구역,아침출근,06:00:00,09:00:00,3857,9157,13014
2025-03-01,2025-03-31,2025,3,공항철도,홍대입구역,아침출근,06:00:00,09:00:00,32352,41727,74079
2025-03-01,2025-03-31,2025,3,2호선,홍대입구역,낮,09:00:00,18:00:00,998399,1555573,2553972
2025-03-01,2025-03-31,2025,3,경의중앙선,홍대입구역,낮,09:00:00,18:00:00,29710,51223,80933
2025-03-01,2025-03-31,2025,3,공항철도,홍대입구역,낮,09:00:00,18:00:00,225671,295163,520834
2025-03-01,2025-03-31,2025,3,2호선,홍대입구역,저녁퇴근,18:00:00,21:00:00,606405,556886,1163291
2025-03-01,2025-03-31,2025,3,경의중앙선,홍대입구역,저녁퇴근,18:00:00,21:00:00,19875,14855,34730
2025-03-01,2025-03-31,2025,3,공항철도,홍대입구역,저녁퇴근,18:00:00,21:00:00,129611,88933,218544
2025-03-01,2025-03-31,2025,3,2호선,홍대입구역,밤,21:00:00,23:59:59,524800,217472,742272
2025-03-01,2025-03-31,2025,3,경의중앙선,홍대입구역,밤,21:00:00,23:59:59,15703,5707,21410
2025-03-01,2025-03-31,2025,3,공항철도,홍대입구역,밤,21:00:00,23:59:59,95545,36042,131587
2025-04-01,2025-04-30,2025,4,2호선,홍대입구역,아침출근,06:00:00,09:00:00,181840,187110,368950
2025-04-01,2025-04-30,2025,4,경의중앙선,홍대입구역,아침출근,06:00:00,09:00:00,4026,10073,14099
2025-04-01,2025-04-30,2025,4,공항철도,홍대입구역,아침출근,06:00:00,09:00:00,34439,44442,78881
2025-04-01,2025-04-30,2025,4,2호선,홍대입구역,낮,09:00:00,18:00:00,953207,1389721,2342928
2025-04-01,2025-04-30,2025,4,경의중앙선,홍대입구역,낮,09:00:00,18:00:00,29100,46134,75234
2025-04-01,2025-04-30,2025,4,공항철도,홍대입구역,낮,09:00:00,18:00:00,210308,266771,477079
2025-04-01,2025-04-30,2025,4,2호선,홍대입구역,저녁퇴근,18:00:00,21:00:00,552028,537930,1089958
2025-04-01,2025-04-30,2025,4,경의중앙선,홍대입구역,저녁퇴근,18:00:00,21:00:00,18398,14342,32740
2025-04-01,2025-04-30,2025,4,공항철도,홍대입구역,저녁퇴근,18:00:00,21:00:00,118029,86774,204803
2025-04-01,2025-04-30,2025,4,2호선,홍대입구역,밤,21:00:00,23:59:59,475193,220640,695833
2025-04-01,2025-04-30,2025,4,경의중앙선,홍대입구역,밤,21:00:00,23:59:59,14509,5845,20354
2025-04-01,2025-04-30,2025,4,공항철도,홍대입구역,밤,21:00:00,23:59:59,87484,36170,123654
2025-05-01,2025-05-31,2025,5,2호선,홍대입구역,아침출근,06:00:00,09:00:00,171434,171777,343211
2025-05-01,2025-05-31,2025,5,경의중앙선,홍대입구역,아침출근,06:00:00,09:00:00,3839,9261,13100
2025-05-01,2025-05-31,2025,5,공항철도,홍대입구역,아침출근,06:00:00,09:00:00,31991,41850,73841
2025-05-01,2025-05-31,2025,5,2호선,홍대입구역,낮,09:00:00,18:00:00,1021704,1596054,2617758
2025-05-01,2025-05-31,2025,5,경의중앙선,홍대입구역,낮,09:00:00,18:00:00,30841,54413,85254
2025-05-01,2025-05-31,2025,5,공항철도,홍대입구역,낮,09:00:00,18:00:00,231555,307909,539464
2025-05-01,2025-05-31,2025,5,2호선,홍대입구역,저녁퇴근,18:00:00,21:00:00,604795,548106,1152901
2025-05-01,2025-05-31,2025,5,경의중앙선,홍대입구역,저녁퇴근,18:00:00,21:00:00,20931,15408,36339
2025-05-01,2025-05-31,2025,5,공항철도,홍대입구역,저녁퇴근,18:00:00,21:00:00,133704,87608,221312
2025-05-01,2025-05-31,2025,5,2호선,홍대입구역,밤,21:00:00,23:59:59,534031,239709,773740
2025-05-01,2025-05-31,2025,5,경의중앙선,홍대입구역,밤,21:00:00,23:59:59,16630,6397,23027
2025-05-01,2025-05-31,2025,5,공항철도,홍대입구역,밤,21:00:00,23:59:59,99030,38966,137996
2025-06-01,2025-06-30,2025,6,2호선,홍대입구역,아침출근,06:00:00,09:00:00,165803,166016,331819
2025-06-01,2025-06-30,2025,6,경의중앙선,홍대입구역,아침출근,06:00:00,09:00:00,3753,8940,12693
2025-06-01,2025-06-30,2025,6,공항철도,홍대입구역,아침출근,06:00:00,09:00:00,32120,40606,72726
2025-06-01,2025-06-30,2025,6,2호선,홍대입구역,낮,09:00:00,18:00:00,943933,1431994,2375927
2025-06-01,2025-06-30,2025,6,경의중앙선,홍대입구역,낮,09:00:00,18:00:00,29542,49730,79272
2025-06-01,2025-06-30,2025,6,공항철도,홍대입구역,낮,09:00:00,18:00:00,220981,285108,506089
2025-06-01,2025-06-30,2025,6,2호선,홍대입구역,저녁퇴근,18:00:00,21:00:00,546462,497259,1043721
2025-06-01,2025-06-30,2025,6,경의중앙선,홍대입구역,저녁퇴근,18:00:00,21:00:00,18605,14459,33064
2025-06-01,2025-06-30,2025,6,공항철도,홍대입구역,저녁퇴근,18:00:00,21:00:00,121397,82480,203877
2025-06-01,2025-06-30,2025,6,2호선,홍대입구역,밤,21:00:00,23:59:59,475901,217758,693659
2025-06-01,2025-06-30,2025,6,경의중앙선,홍대입구역,밤,21:00:00,23:59:59,14897,6469,21366
2025-06-01,2025-06-30,2025,6,공항철도,홍대입구역,밤,21:00:00,23:59:59,91178,37783,128961
2025-07-01,2025-07-31,2025,7,2호선,홍대입구역,아침출근,06:00:00,09:00:00,179082,180635,359717
2025-07-01,2025-07-31,2025,7,경의중앙선,홍대입구역,아침출근,06:00:00,09:00:00,4138,9519,13657
2025-07-01,2025-07-31,2025,7,공항철도,홍대입구역,아침출근,06:00:00,09:00:00,33996,45053,79049
2025-07-01,2025-07-31,2025,7,2호선,홍대입구역,낮,09:00:00,18:00:00,970163,1518612,2488775
2025-07-01,2025-07-31,2025,7,경의중앙선,홍대입구역,낮,09:00:00,18:00:00,29599,51804,81403
2025-07-01,2025-07-31,2025,7,공항철도,홍대입구역,낮,09:00:00,18:00:00,230712,299087,529799
2025-07-01,2025-07-31,2025,7,2호선,홍대입구역,저녁퇴근,18:00:00,21:00:00,601361,532903,1134264
2025-07-01,2025-07-31,2025,7,경의중앙선,홍대입구역,저녁퇴근,18:00:00,21:00:00,20148,15180,35328
2025-07-01,2025-07-31,2025,7,공항철도,홍대입구역,저녁퇴근,18:00:00,21:00:00,132673,90928,223601
2025-07-01,2025-07-31,2025,7,2호선,홍대입구역,밤,21:00:00,23:59:59,512012,223819,735831
2025-07-01,2025-07-31,2025,7,경의중앙선,홍대입구역,밤,21:00:00,23:59:59,15993,6703,22696
2025-07-01,2025-07-31,2025,7,공항철도,홍대입구역,밤,21:00:00,23:59:59,97813,39526,137339
2025-08-01,2025-08-31,2025,8,2호선,홍대입구역,아침출근,06:00:00,09:00:00,160723,162224,322947
2025-08-01,2025-08-31,2025,8,경의중앙선,홍대입구역,아침출근,06:00:00,09:00:00,3814,8700,12514
2025-08-01,2025-08-31,2025,8,공항철도,홍대입구역,아침출근,06:00:00,09:00:00,31685,41064,72749
2025-08-01,2025-08-31,2025,8,2호선,홍대입구역,낮,09:00:00,18:00:00,966480,1520299,2486779
2025-08-01,2025-08-31,2025,8,경의중앙선,홍대입구역,낮,09:00:00,18:00:00,31168,54012,85180
2025-08-01,2025-08-31,2025,8,공항철도,홍대입구역,낮,09:00:00,18:00:00,231085,304371,535456
2025-08-01,2025-08-31,2025,8,2호선,홍대입구역,저녁퇴근,18:00:00,21:00:00,587412,512783,1100195
2025-08-01,2025-08-31,2025,8,경의중앙선,홍대입구역,저녁퇴근,18:00:00,21:00:00,20249,15327,35576
2025-08-01,2025-08-31,2025,8,공항철도,홍대입구역,저녁퇴근,18:00:00,21:00:00,133414,87781,221195
2025-08-01,2025-08-31,2025,8,2호선,홍대입구역,밤,21:00:00,23:59:59,496722,216624,713346
2025-08-01,2025-08-31,2025,8,경의중앙선,홍대입구역,밤,21:00:00,23:59:59,16053,6339,22392
2025-08-01,2025-08-31,2025,8,공항철도,홍대입구역,밤,21:00:00,23:59:59,96453,37577,134030
2025-09-01,2025-09-30,2025,9,2호선,홍대입구역,아침출근,06:00:00,09:00:00,180290,183838,364128
2025-09-01,2025-09-30,2025,9,경의중앙선,홍대입구역,아침출근,06:00:00,09:00:00,4159,10097,14256
2025-09-01,2025-09-30,2025,9,공항철도,홍대입구역,아침출근,06:00:00,09:00:00,34132,46944,81076
2025-09-01,2025-09-30,2025,9,2호선,홍대입구역,낮,09:00:00,18:00:00,942962,1402923,2345885
2025-09-01,2025-09-30,2025,9,경의중앙선,홍대입구역,낮,09:00:00,18:00:00,30124,50286,80410
2025-09-01,2025-09-30,2025,9,공항철도,홍대입구역,낮,09:00:00,18:00:00,220012,278981,498993
2025-09-01,2025-09-30,2025,9,2호선,홍대입구역,저녁퇴근,18:00:00,21:00:00,552052,517401,1069453
2025-09-01,2025-09-30,2025,9,경의중앙선,홍대입구역,저녁퇴근,18:00:00,21:00:00,19515,15252,34767
2025-09-01,2025-09-30,2025,9,공항철도,홍대입구역,저녁퇴근,18:00:00,21:00:00,126140,87520,213660
2025-09-01,2025-09-30,2025,9,2호선,홍대입구역,밤,21:00:00,23:59:59,452093,208610,660703
2025-09-01,2025-09-30,2025,9,경의중앙선,홍대입구역,밤,21:00:00,23:59:59,15161,6501,21662
2025-09-01,2025-09-30,2025,9,공항철도,홍대입구역,밤,21:00:00,23:59:59,90030,37226,127256
2025-10-01,2025-10-31,2025,10,2호선,홍대입구역,아침출근,06:00:00,09:00:00,159310,161325,320635
2025-10-01,2025-10-31,2025,10,경의중앙선,홍대입구역,아침출근,06:00:00,09:00:00,3781,8660,12441
2025-10-01,2025-10-31,2025,10,공항철도,홍대입구역,아침출근,06:00:00,09:00:00,31559,41057,72616
2025-10-01,2025-10-31,2025,10,2호선,홍대입구역,낮,09:00:00,18:00:00,988564,1495645,2484209
2025-10-01,2025-10-31,2025,10,경의중앙선,홍대입구역,낮,09:00:00,18:00:00,34215,57146,91361
2025-10-01,2025-10-31,2025,10,공항철도,홍대입구역,낮,09:00:00,18:00:00,239066,300879,539945
2025-10-01,2025-10-31,2025,10,2호선,홍대입구역,저녁퇴근,18:00:00,21:00:00,572346,524021,1096367
2025-10-01,2025-10-31,2025,10,경의중앙선,홍대입구역,저녁퇴근,18:00:00,21:00:00,20875,16528,37403
2025-10-01,2025-10-31,2025,10,공항철도,홍대입구역,저녁퇴근,18:00:00,21:00:00,132256,88251,220507
2025-10-01,2025-10-31,2025,10,2호선,홍대입구역,밤,21:00:00,23:59:59,464577,219188,683765
2025-10-01,2025-10-31,2025,10,경의중앙선,홍대입구역,밤,21:00:00,23:59:59,15509,6793,22302
2025-10-01,2025-10-31,2025,10,공항철도,홍대입구역,밤,21:00:00,23:59:59,94215,37193,131408
2025-11-01,2025-11-30,2025,11,2호선,홍대입구역,아침출근,06:00:00,09:00:00,173736,170384,344120
2025-11-01,2025-11-30,2025,11,경의중앙선,홍대입구역,아침출근,06:00:00,09:00:00,4162,9437,13599
2025-11-01,2025-11-30,2025,11,공항철도,홍대입구역,아침출근,06:00:00,09:00:00,33694,43587,77281
2025-11-01,2025-11-30,2025,11,2호선,홍대입구역,낮,09:00:00,18:00:00,1000628,1507679,2508307
2025-11-01,2025-11-30,2025,11,경의중앙선,홍대입구역,낮,09:00:00,18:00:00,32069,55107,87176
2025-11-01,2025-11-30,2025,11,공항철도,홍대입구역,낮,09:00:00,18:00:00,242923,303212,546135
2025-11-01,2025-11-30,2025,11,2호선,홍대입구역,저녁퇴근,18:00:00,21:00:00,575831,544048,1119879
2025-11-01,2025-11-30,2025,11,경의중앙선,홍대입구역,저녁퇴근,18:00:00,21:00:00,19819,15822,35641
2025-11-01,2025-11-30,2025,11,공항철도,홍대입구역,저녁퇴근,18:00:00,21:00:00,134222,91470,225692
2025-11-01,2025-11-30,2025,11,2호선,홍대입구역,밤,21:00:00,23:59:59,490369,211191,701560
2025-11-01,2025-11-30,2025,11,경의중앙선,홍대입구역,밤,21:00:00,23:59:59,15336,5818,21154
2025-11-01,2025-11-30,2025,11,공항철도,홍대입구역,밤,21:00:00,23:59:59,97377,35430,132807
2025-12-01,2025-12-31,2025,12,2호선,홍대입구역,아침출근,06:00:00,09:00:00,171319,178459,349778
2025-12-01,2025-12-31,2025,12,경의중앙선,홍대입구역,아침출근,06:00:00,09:00:00,3910,9867,13777
2025-12-01,2025-12-31,2025,12,공항철도,홍대입구역,아침출근,06:00:00,09:00:00,32595,44501,77096
2025-12-01,2025-12-31,2025,12,2호선,홍대입구역,낮,09:00:00,18:00:00,1061174,1624165,2685339
2025-12-01,2025-12-31,2025,12,경의중앙선,홍대입구역,낮,09:00:00,18:00:00,32640,58067,90707
2025-12-01,2025-12-31,2025,12,공항철도,홍대입구역,낮,09:00:00,18:00:00,250698,326459,577157
2025-12-01,2025-12-31,2025,12,2호선,홍대입구역,저녁퇴근,18:00:00,21:00:00,628737,557272,1186009
2025-12-01,2025-12-31,2025,12,경의중앙선,홍대입구역,저녁퇴근,18:00:00,21:00:00,20466,16395,36861
2025-12-01,2025-12-31,2025,12,공항철도,홍대입구역,저녁퇴근,18:00:00,21:00:00,140805,95209,236014
2025-12-01,2025-12-31,2025,12,2호선,홍대입구역,밤,21:00:00,23:59:59,537561,227977,765538
2025-12-01,2025-12-31,2025,12,경의중앙선,홍대입구역,밤,21:00:00,23:59:59,16259,6239,22498
2025-12-01,2025-12-31,2025,12,공항철도,홍대입구역,밤,21:00:00,23:59:59,104036,37341,141377
2026-01-01,2026-01-31,2026,1,2호선,홍대입구역,아침출근,06:00:00,09:00:00,167710,167199,334909
2026-01-01,2026-01-31,2026,1,경의중앙선,홍대입구역,아침출근,06:00:00,09:00:00,3677,8637,12314
2026-01-01,2026-01-31,2026,1,공항철도,홍대입구역,아침출근,06:00:00,09:00:00,31433,41129,72562
2026-01-01,2026-01-31,2026,1,2호선,홍대입구역,낮,09:00:00,18:00:00,929591,1453734,2383325
2026-01-01,2026-01-31,2026,1,경의중앙선,홍대입구역,낮,09:00:00,18:00:00,29551,52924,82475
2026-01-01,2026-01-31,2026,1,공항철도,홍대입구역,낮,09:00:00,18:00:00,229587,303773,533360
2026-01-01,2026-01-31,2026,1,2호선,홍대입구역,저녁퇴근,18:00:00,21:00:00,583658,491611,1075269
2026-01-01,2026-01-31,2026,1,경의중앙선,홍대입구역,저녁퇴근,18:00:00,21:00:00,19569,14198,33767
2026-01-01,2026-01-31,2026,1,공항철도,홍대입구역,저녁퇴근,18:00:00,21:00:00,134038,85639,219677
2026-01-01,2026-01-31,2026,1,2호선,홍대입구역,밤,21:00:00,23:59:59,491025,188394,679419
2026-01-01,2026-01-31,2026,1,경의중앙선,홍대입구역,밤,21:00:00,23:59:59,14380,5396,19776
2026-01-01,2026-01-31,2026,1,공항철도,홍대입구역,밤,21:00:00,23:59:59,94568,32974,127542
2026-02-01,2026-02-28,2026,2,2호선,홍대입구역,아침출근,06:00:00,09:00:00,138159,139423,277582
2026-02-01,2026-02-28,2026,2,경의중앙선,홍대입구역,아침출근,06:00:00,09:00:00,3187,7072,10259
2026-02-01,2026-02-28,2026,2,공항철도,홍대입구역,아침출근,06:00:00,09:00:00,27285,35576,62861
2026-02-01,2026-02-28,2026,2,2호선,홍대입구역,낮,09:00:00,18:00:00,866218,1393349,2259567
2026-02-01,2026-02-28,2026,2,경의중앙선,홍대입구역,낮,09:00:00,18:00:00,30035,53763,83798
2026-02-01,2026-02-28,2026,2,공항철도,홍대입구역,낮,09:00:00,18:00:00,220604,290593,511197
2026-02-01,2026-02-28,2026,2,2호선,홍대입구역,저녁퇴근,18:00:00,21:00:00,546867,444220,991087
2026-02-01,2026-02-28,2026,2,경의중앙선,홍대입구역,저녁퇴근,18:00:00,21:00:00,19593,14056,33649
2026-02-01,2026-02-28,2026,2,공항철도,홍대입구역,저녁퇴근,18:00:00,21:00:00,131305,77201,208506
2026-02-01,2026-02-28,2026,2,2호선,홍대입구역,밤,21:00:00,23:59:59,437764,169782,607546
2026-02-01,2026-02-28,2026,2,경의중앙선,홍대입구역,밤,21:00:00,23:59:59,13033,4935,17968
2026-02-01,2026-02-28,2026,2,공항철도,홍대입구역,밤,21:00:00,23:59:59,87122,30246,117368
2026-03-01,2026-03-31,2026,3,2호선,홍대입구역,아침출근,06:00:00,09:00:00,180377,187640,368017
2026-03-01,2026-03-31,2026,3,2호선,홍대입구역,아침출근,06:00:00,09:00:00,180377,187640,368017
2026-03-01,2026-03-31,2026,3,경의중앙선,홍대입구역,아침출근,06:00:00,09:00:00,3814,10104,13918
2026-03-01,2026-03-31,2026,3,경의중앙선,홍대입구역,아침출근,06:00:00,09:00:00,3814,10104,13918
2026-03-01,2026-03-31,2026,3,공항철도,홍대입구역,아침출근,06:00:00,09:00:00,35630,46996,82626
2026-03-01,2026-03-31,2026,3,공항철도,홍대입구역,아침출근,06:00:00,09:00:00,35630,46996,82626
2026-03-01,2026-03-31,2026,3,2호선,홍대입구역,낮,09:00:00,18:00:00,1022965,1536665,2559630
2026-03-01,2026-03-31,2026,3,2호선,홍대입구역,낮,09:00:00,18:00:00,1022965,1536665,2559630
2026-03-01,2026-03-31,2026,3,경의중앙선,홍대입구역,낮,09:00:00,18:00:00,33846,55749,89595
2026-03-01,2026-03-31,2026,3,경의중앙선,홍대입구역,낮,09:00:00,18:00:00,33846,55749,89595
2026-03-01,2026-03-31,2026,3,공항철도,홍대입구역,낮,09:00:00,18:00:00,250675,314983,565658
2026-03-01,2026-03-31,2026,3,공항철도,홍대입구역,낮,09:00:00,18:00:00,250675,314983,565658
2026-03-01,2026-03-31,2026,3,2호선,홍대입구역,저녁퇴근,18:00:00,21:00:00,609209,550389,1159598
2026-03-01,2026-03-31,2026,3,2호선,홍대입구역,저녁퇴근,18:00:00,21:00:00,609209,550389,1159598
2026-03-01,2026-03-31,2026,3,경의중앙선,홍대입구역,저녁퇴근,18:00:00,21:00:00,20834,16258,37092
2026-03-01,2026-03-31,2026,3,경의중앙선,홍대입구역,저녁퇴근,18:00:00,21:00:00,20834,16258,37092
2026-03-01,2026-03-31,2026,3,공항철도,홍대입구역,저녁퇴근,18:00:00,21:00:00,142074,94259,236333
2026-03-01,2026-03-31,2026,3,공항철도,홍대입구역,저녁퇴근,18:00:00,21:00:00,142074,94259,236333
2026-03-01,2026-03-31,2026,3,2호선,홍대입구역,밤,21:00:00,23:59:59,510303,220394,730697
2026-03-01,2026-03-31,2026,3,2호선,홍대입구역,밤,21:00:00,23:59:59,510303,220394,730697
2026-03-01,2026-03-31,2026,3,경의중앙선,홍대입구역,밤,21:00:00,23:59:59,15390,6207,21597
2026-03-01,2026-03-31,2026,3,경의중앙선,홍대입구역,밤,21:00:00,23:59:59,15390,6207,21597
2026-03-01,2026-03-31,2026,3,공항철도,홍대입구역,밤,21:00:00,23:59:59,99533,38495,138028
2026-03-01,2026-03-31,2026,3,공항철도,홍대입구역,밤,21:00:00,23:59:59,99533,38495,138028
2026-04-01,2026-04-30,2026,4,2호선,홍대입구역,아침출근,06:00:00,09:00:00,186258,193982,380240
2026-04-01,2026-04-30,2026,4,경의중앙선,홍대입구역,아침출근,06:00:00,09:00:00,3862,10256,14118
2026-04-01,2026-04-30,2026,4,공항철도,홍대입구역,아침출근,06:00:00,09:00:00,38377,50064,88441
2026-04-01,2026-04-30,2026,4,2호선,홍대입구역,낮,09:00:00,18:00:00,1019307,1466371,2485678
2026-04-01,2026-04-30,2026,4,경의중앙선,홍대입구역,낮,09:00:00,18:00:00,35007,53776,88783
2026-04-01,2026-04-30,2026,4,공항철도,홍대입구역,낮,09:00:00,18:00:00,251172,306838,558010
2026-04-01,2026-04-30,2026,4,2호선,홍대입구역,저녁퇴근,18:00:00,21:00:00,582603,545787,1128390
2026-04-01,2026-04-30,2026,4,경의중앙선,홍대입구역,저녁퇴근,18:00:00,21:00:00,20234,16704,36938
2026-04-01,2026-04-30,2026,4,공항철도,홍대입구역,저녁퇴근,18:00:00,21:00:00,136225,93679,229904
2026-04-01,2026-04-30,2026,4,2호선,홍대입구역,밤,21:00:00,23:59:59,494617,232467,727084
2026-04-01,2026-04-30,2026,4,경의중앙선,홍대입구역,밤,21:00:00,23:59:59,15989,7216,23205
2026-04-01,2026-04-30,2026,4,공항철도,홍대입구역,밤,21:00:00,23:59:59,100863,42664,143527
