사용월,호선명,지하철역,04시-05시 승차인원,04시-05시 하차인원,05시-06시 승차인원,05시-06시 하차인원,06시-07시 승차인원,06시-07시 하차인원,07시-08시 승차인원,07시-08시 하차인원,08시-09시 승차인원,08시-09시 하차인원,09시-10시 승차인원,09시-10시 하차인원,10시-11시 승차인원,10시-11시 하차인원,11시-12시 승차인원,11시-12시 하차인원,12시-13시 승차인원,12시-13시 하차인원,13시-14시 승차인원,13시-14시 하차인원,14시-15시 승차인원,14시-15시 하차인원,15시-16시 승차인원,15시-16시 하차인원,16시-17시 승차인원,16시-17시 하차인원,17시-18시 승차인원,17시-18시 하차인원,18시-19시 승차인원,18시-19시 하차인원,19시-20시 승차인원,19시-20시 하차인원,20시-21시 승차인원,20시-21시 하차인원,21시-22시 승차인원,21시-22시 하차인원,22시-23시 승차인원,22시-23시 하차인원,23시-24시 승차인원,23시-24시 하차인원,00시-01시 승차인원,00시-01시 하차인원,01시-02시 승차인원,01시-02시 하차인원,02시-03시 승차인원,02시-03시 하차인원,03시-04시 승차인원,03시-04시 하차인원,작업일자
201501,2호선,홍대입구,1929,42,45905,4102,43456,19002,86687,38225,104278,135147,67453,126475,60009,93365,64558,106492,75328,142020,92442,169031,96553,164147,114184,168044,138935,178819,171776,209053,214130,268570,174075,243504,163301,135088,206675,102484,246644,87511,137977,64602,16096,22559,4,2584,0,0,0,0,20151223
201501,경의선,홍대입구,0,0,0,0,0,0,0,0,0,0,0,0,0,0,0,0,0,0,1,0,0,0,0,0,0,0,1,0,0,0,0,0,0,0,0,0,0,0,0,0,0,0,0,0,0,0,0,0,20151223
201501,경의선,홍대입구,2,0,330,42,403,511,742,1476,725,4086,616,2996,570,2070,634,2643,888,3462,1005,3716,1163,3685,1434,3453,1892,3467,2385,4273,3199,4257,2497,3570,2420,1891,3279,1828,4734,1317,1965,1160,68,257,0,0,0,0,0,0,20151223
201501,공항철도 1호선,홍대입구,106,2,3212,276,4591,1786,8143,5179,10338,17316,7325,13764,6880,8675,7677,8655,8230,10763,9259,12161,9448,11189,10860,11440,12516,12038,15830,14214,20529,18533,15334,16560,13410,10031,17100,8226,19825,8021,10341,5832,892,1653,1,1,0,0,0,0,20151223
201502,2호선,홍대입구,1495,25,37498,3327,35857,15372,71875,32158,85791,109221,58658,105804,52329,85659,57431,99364,67466,130194,83483,159744,90472,154504,108653,158731,129140,167063,155084,191326,191278,230957,161072,210366,150662,122193,190296,91553,212797,78648,120764,55479,14149,20412,307,2179,0,53,0,0,20151223
201502,경의선,홍대입구,0,0,244,22,408,422,660,1167,718,2576,602,2160,590,1911,555,2745,823,3122,1008,3262,1067,3571,1342,3300,1718,3401,2114,3955,2950,4007,2290,3161,2192,1860,2948,1719,3213,1145,1634,1088,54,232,1,5,0,0,0,0,20151223
201502,공항철도 1호선,홍대입구,85,2,3070,230,4244,1561,7125,4541,8876,13565,6935,11243,6421,7780,6795,7680,7379,9693,8160,11357,8642,10441,9958,11025,11506,11247,14006,13319,18320,16568,14474,14969,12392,9180,15470,7620,16146,7168,8885,5652,922,1730,8,12,0,0,0,0,20151223
201503,2호선,홍대입구,1589,21,40942,4750,42501,19812,97966,47492,111814,156599,75429,158003,63482,108986,67710,106865,78703,132702,93907,154837,99721,152113,119350,154871,141719,172633,174578,211129,221955,269563,184449,252124,172891,140973,217354,107776,249002,92255,136819,67399,16513,23294,11,2529,0,0,0,0,20151223
201503,경의선,홍대입구,2,0,311,39,606,597,1105,2167,1211,4957,796,3694,706,2396,754,2633,967,3121,1266,3161,1339,3281,1608,3240,2149,3654,2815,4442,4075,5143,3261,3993,2818,2236,3733,1892,4501,1601,2088,1246,79,302,0,0,0,0,0,0,20151223
201503,공항철도 1호선,홍대입구,63,8,3598,286,5056,2038,10643,7071,11717,19864,8595,16342,7646,10279,7757,8989,8611,10382,9356,11639,9839,10739,10770,10843,12641,11858,16408,15017,22093,20465,17438,18214,15190,10684,18496,8997,21153,8868,10953,6461,886,1828,2,2,0,0,0,0,20151223
201504,2호선,홍대입구,1515,20,39173,4998,42926,21382,95268,49043,111484,151245,77320,152257,66023,104477,67769,99895,76525,118582,90482,134958,94958,133985,110638,136379,127561,150349,155872,186722,200388,247812,165748,242682,151282,141302,192136,108075,228271,92931,131238,68281,16370,25302,13,3079,1,2,0,0,20151223
201504,경의선,홍대입구,4,3,344,45,641,619,1199,2357,1235,5094,950,3886,837,2646,813,2411,994,2980,1388,3064,1412,3015,1626,3008,2038,3397,2685,4334,3934,5373,3086,4377,2812,2653,3769,2099,4659,1842,2534,1364,124,386,0,0,0,0,0,0,20151223
201504,공항철도 1호선,홍대입구,116,8,3833,402,5813,1970,10672,7347,12020,19453,9263,16248,8130,10211,8180,8885,8345,9839,9383,11174,9376,10569,10497,10710,12396,11357,15004,14253,21351,19955,16843,18702,15155,10759,18534,9466,21427,9045,11059,7275,1123,1979,0,0,0,0,0,0,20151223
201505,2호선,홍대입구,2805,20,59655,5292,48378,21133,85858,45265,100264,131084,74413,143471,67548,109287,70679,114360,81807,144951,99311,165632,107582,165363,127419,167270,147077,181548,174255,217561,210094,268400,177323,252802,173976,157385,212688,123046,250993,102500,152686,77952,18876,29951,23,3094,0,0,0,0,20151223
201505,경의선,홍대입구,0,0,0,0,0,0,0,0,0,0,0,0,0,0,0,0,0,0,0,0,0,0,0,0,0,0,1,0,0,0,0,0,0,0,0,0,0,0,0,0,0,0,0,0,0,0,0,0,20151223
201505,경의선,홍대입구,4,1,514,74,825,792,1222,2320,1198,4687,993,4175,948,3193,897,3174,1255,3957,1579,4239,1634,4320,2239,3903,2409,4364,3290,5121,4226,6160,3478,5061,3464,3270,4521,2793,5664,2185,3115,1707,143,431,0,0,0,0,0,0,20151223
201505,공항철도 1호선,홍대입구,168,10,4794,523,6149,2270,9912,6942,11673,17395,9534,15501,9083,11345,9193,10172,9490,11563,10720,13529,11020,12775,12745,12925,14026,13082,17424,16725,22221,21307,18603,19149,17337,12158,20620,10507,23961,10191,13853,7874,1243,2208,0,0,0,0,0,0,20151223
201506,2호선,홍대입구,1753,26,40183,5166,39677,20686,88458,46464,100502,134597,62452,124761,50667,86592,53364,84186,63021,104730,74673,119631,78490,119794,90495,122137,107160,135207,130727,165168,174762,219277,139190,208004,131817,118867,169873,88831,202272,75202,117091,56823,14817,20400,4,2942,0,0,0,0,20151223
201506,경의선,홍대입구,0,0,0,0,0,0,0,0,1,0,0,0,0,0,0,0,0,0,0,0,0,0,0,0,0,0,0,0,0,0,0,0,0,0,0,0,0,0,0,0,0,0,0,0,0,0,0,0,20151223
201506,경의선,홍대입구,1,1,409,46,654,770,1134,2550,1200,4972,879,3338,785,2327,815,2102,1020,2710,1295,2885,1262,2781,1374,2699,1819,2960,2525,3769,3872,4791,2988,3767,2749,2325,4151,1916,4958,1528,2487,1242,98,322,0,0,0,0,0,0,20151223
201506,공항철도 1호선,홍대입구,156,6,4236,522,5510,2307,9884,6778,10785,18405,7407,14518,6548,9199,6874,7989,7204,8605,8023,10101,8199,9322,9174,9513,10573,10023,13783,12982,19698,18667,15346,17172,14311,9586,18443,8369,21625,7923,11393,6006,1027,1743,0,1,0,0,0,0,20151223
201507,2호선,홍대입구,1588,30,43389,5046,41782,21065,89840,42313,104139,129865,66053,126350,52911,89659,57500,98590,67555,128965,83415,151307,88121,146603,102163,145493,124167,157771,151171,188909,195513,252815,155562,233853,148500,132299,192127,98618,229398,81408,129422,62160,17101,22369,7,3036,0,0,0,0,20151223
201507,경의선,홍대입구,3,0,421,48,664,751,1128,2567,1232,4778,908,3223,790,2345,838,2542,1041,3999,1283,3961,1334,3608,1530,3363,1940,3386,2742,4294,4156,5438,3265,4170,3159,2593,4349,2256,6191,2039,2517,1326,113,342,1,0,0,0,0,0,20151223
201507,공항철도 1호선,홍대입구,140,4,4380,497,5756,2323,9947,6393,11199,17690,7766,14455,6875,9581,7346,9086,7984,11020,9217,12280,9182,10991,10196,11393,12221,12002,15403,14504,21261,20952,16683,19370,15951,10715,20625,8906,24139,8611,12555,6118,1125,1833,2,2,0,0,0,0,20151223
201508,2호선,홍대입구,1766,14,49598,4702,45213,19338,81770,38868,94952,117002,66028,118518,56309,92549,61279,107839,72273,143370,87385,163173,96278,157072,114272,160120,132502,172789,158937,200933,197601,256607,166176,229641,158566,137595,197957,105140,234759,88289,131015,67682,15888,23077,4,2866,0,0,0,0,20151223
201508,경의선,홍대입구,14,2,534,62,782,714,1078,2439,1207,4460,898,3170,893,2412,1023,3069,1211,4076,1326,4320,1333,3812,1561,3806,2181,3911,2708,4661,4251,5653,3206,4460,3456,2890,4511,2334,6066,2140,2528,1581,123,372,0,0,0,0,0,0,20151223
201508,공항철도 1호선,홍대입구,167,9,4896,570,6230,2231,9190,5833,11006,16099,8429,13542,7918,10289,8483,10306,8962,11942,10202,13903,10440,12205,11570,12957,14105,13604,16313,15563,21655,21434,17871,19366,16598,11314,20996,9820,23980,9371,12645,6987,1233,2182,0,1,0,0,0,0,20151223
201509,2호선,홍대입구,1563,19,39836,4147,41053,18997,84711,41682,100068,132633,66386,132604,56654,94396,59093,91457,68553,114220,79812,132790,85766,129956,103350,133423,120828,149497,149906,185011,186749,241923,152692,221088,139991,125982,177459,96432,209531,82361,118395,60995,15471,22712,289,2814,0,50,0,0,20151223
201509,경의선,홍대입구,7,1,403,48,722,728,1272,2591,1356,5583,1014,4132,955,2942,906,2627,1120,3543,1362,3606,1457,3194,1751,3415,2191,3723,3174,4540,4279,5614,3439,4379,3318,2550,4448,2164,5991,1860,2528,1393,106,333,0,2,0,0,0,0,20151223
201509,공항철도 1호선,홍대입구,173,8,4461,542,5820,2275,10342,6596,11209,18191,8726,14933,7748,10601,8094,9422,8639,10373,9649,11889,9745,11011,11352,11718,13226,13352,16038,15054,21765,22183,17734,19562,16284,11338,20988,9893,23870,9154,12140,6943,1146,2113,7,22,0,0,0,0,20151223
201510,2호선,홍대입구,1942,15,41729,4207,43970,20745,90343,45075,108685,140286,74840,144554,65106,105167,67863,104782,78069,128303,93212,150747,99653,149488,118551,152188,138114,168618,169681,200511,212676,264091,166809,246493,156627,142657,195167,112581,228297,94029,131577,70440,15310,25018,6,2606,0,0,0,0,20151223
201510,경의선,홍대입구,4,0,394,51,701,716,1323,2787,1504,6072,1044,5292,1045,3211,954,3015,1373,3776,1594,4010,1858,3749,2193,3739,2468,4199,3552,5055,4768,6366,3800,4995,3579,3032,4944,2811,5950,2288,2752,1793,159,420,0,0,0,0,0,0,20151223
201510,공항철도 1호선,홍대입구,166,10,4505,503,5924,2573,10957,6862,11842,19126,9746,16677,8333,11847,8895,10653,9300,11778,10084,13568,10400,12324,11988,13040,14184,15003,17397,16053,23152,24091,18621,21001,16759,12299,20863,10716,24043,9734,13195,7542,1221,2290,0,1,0,0,0,0,20151223
201511,2호선,홍대입구,2183,16,42257,3990,43213,18773,87244,41804,107448,137489,72824,143209,61258,100004,64275,97860,74087,120727,86466,142001,92248,139360,111605,142709,131638,159487,166874,192245,203219,258182,159796,228279,151452,129539,191557,96633,222490,83080,124764,60866,14851,21745,8,2613,0,0,0,0,20151208
201511,경의선,홍대입구,4,1,366,42,635,561,1257,2213,1627,5895,903,5003,963,3185,861,2748,1228,3520,1494,3747,1558,3318,1856,3325,2334,3911,3302,4380,4436,5676,3288,4467,3070,2527,4413,2320,5619,1863,2419,1374,77,344,0,0,0,0,0,0,20151208
201511,공항철도 1호선,홍대입구,142,11,4083,465,5272,2372,10032,5744,12003,19395,9196,16476,8169,11261,8287,9932,9064,11291,9609,12540,9517,11544,11399,12455,13258,13914,16080,15239,21568,22898,16494,19920,14781,11309,18554,9836,20630,9392,10845,6791,1042,1906,1,2,0,0,0,0,20151208
201512,2호선,홍대입구,2046,18,46077,3902,43526,19100,85767,41276,107822,142603,70674,141416,63200,102432,69896,114573,80289,142917,95475,171842,105920,171417,127543,174818,152896,190645,187198,224035,224259,291600,178858,258891,169117,146310,216870,111819,263133,97392,154621,73731,20498,28411,868,4710,2,323,0,0,20160108
201512,경의선,홍대입구,2,0,367,45,633,529,1318,1962,1468,6840,961,4232,897,3079,889,3298,1129,4311,1510,4571,1615,4279,1980,4377,2584,4649,3452,5045,4362,6505,3476,4979,3292,2770,4349,2530,6797,2188,2988,1499,112,432,0,0,0,0,0,0,20160108
201512,공항철도 1호선,홍대입구,166,16,4042,456,5209,2184,9966,5449,11849,19495,8911,16040,8594,10998,9217,10906,9673,12408,10217,14258,10734,13285,12362,14121,15367,16020,18383,17310,22302,24920,17196,21508,15554,11978,19283,10367,23450,10191,12580,7715,1215,2329,0,1,0,0,0,0,20160108
201601,2호선,홍대입구,1944,33,45143,3534,43655,15898,79807,35031,100585,124622,64990,123944,58169,89510,63456,105913,73471,142389,87827,170428,95027,167632,115361,170398,140912,177930,170205,206298,213096,263966,174966,234221,165833,132257,208903,98385,240621,83144,133540,61690,13709,20412,3,2204,1,1,0,0,20160208
201601,경의선,홍대입구,4,1,403,57,627,437,1170,1632,1273,5024,822,3407,842,2667,879,3234,1099,4809,1388,4771,1484,4382,1697,4427,2276,4992,3008,4886,4066,6235,3216,4675,3151,2927,4062,2431,5622,1987,2546,1475,133,368,0,0,0,0,0,0,20160208
201601,공항철도 1호선,홍대입구,136,15,3776,422,4865,2019,8768,4817,11221,16553,8484,14074,7956,10264,8573,10449,9206,12444,10086,14335,10374,12995,11747,13486,14689,14581,17006,15562,21308,22022,16607,19736,14288,11294,17843,9754,19942,9219,10352,7004,1034,1965,0,3,0,3,0,4,20160208
201602,2호선,홍대입구,1370,15,37548,2920,36950,13660,71066,31573,90184,109519,60274,110266,53965,89551,59288,106133,69754,137494,85063,168389,94086,167542,114153,166982,135766,174527,160548,196326,202772,241189,171717,216436,162376,126009,200060,95026,218053,77240,124302,57821,14359,20091,213,2347,0,41,0,0,20160308
201602,경의선,홍대입구,2,0,338,42,575,403,1072,1486,1194,3647,842,2586,822,2412,764,3121,1055,4088,1396,4806,1467,4332,1852,4487,2211,4575,3071,5175,3936,6247,3099,4739,3007,2659,3768,2249,4353,1838,2076,1301,95,300,0,7,0,0,0,0,20160308
201602,공항철도 1호선,홍대입구,138,12,3399,311,4348,1804,8454,4514,10658,14532,8083,12262,7647,9532,8163,10129,8827,12041,9490,14128,10425,12670,11531,13714,13503,14341,15485,14621,20325,20334,15875,18506,13789,10678,16365,9275,17285,8840,9396,6401,868,1926,1,15,0,0,0,0,20160308
201603,2호선,홍대입구,1493,21,38650,3860,41929,17148,91409,47650,112215,147029,75802,154768,65002,109296,68791,108817,79814,133522,92701,153408,100164,153235,120787,156656,143124,172328,172709,207886,220621,269287,181900,246433,171826,139534,219486,106963,243923,91875,136043,67936,16016,24011,8,2267,1,0,0,0,20160408
201603,경의선,홍대입구,5,1,409,27,702,535,1504,2635,1548,5518,1130,4310,985,3254,955,2964,1232,3908,1575,4209,1723,3826,2150,3953,2501,4410,3556,5216,4888,6890,3570,5298,3393,2832,4455,2404,5536,1982,2622,1513,111,362,0,0,0,0,0,0,20160408
201603,공항철도 1호선,홍대입구,125,8,4016,435,5530,2409,11511,6835,13347,20202,9597,16861,9241,11788,9215,11172,9676,12732,10483,13868,10900,12799,12515,13264,14365,14800,17746,16729,23963,24635,18583,21179,17059,12575,20148,11054,21551,10233,11225,7855,916,2343,0,0,0,0,0,0,20160408
201604,2호선,홍대입구,1571,11,42808,4171,44756,17451,86454,44692,103622,135655,74244,140407,65903,102473,67241,102540,76892,127464,90338,148632,96289,147367,114959,149134,132283,163160,158928,193795,201530,252416,169865,237187,160040,143959,200562,111278,226708,94362,135530,70930,16294,25262,15,2547,0,0,0,0,20160508
201604,경의선,홍대입구,5,0,384,51,727,635,1497,2668,1595,5319,1262,4461,1144,3316,1058,3139,1313,4113,1648,4390,1746,4022,2078,4083,2590,4420,3545,5442,4506,6821,3635,5765,3448,3258,4378,2911,5344,2136,2786,1626,134,403,0,0,0,0,0,0,20160508
201604,공항철도 1호선,홍대입구,139,13,4335,442,6086,2555,11184,6605,13054,19780,10371,16071,9896,12059,9447,10587,10185,12641,10478,14191,10532,12708,12544,13971,14332,14324,17507,16579,22890,24268,18483,21205,16802,13179,20304,11548,21592,10317,12283,8410,1048,2427,2,2,0,4,0,0,20160508
201605,2호선,홍대입구,2450,34,58213,4365,51181,18824,88783,45921,104453,138782,74642,142691,65823,107845,70581,115702,80865,142287,95056,164267,103884,162179,124795,163573,144447,176494,172557,206261,214495,264192,179928,244797,167868,150498,208788,116046,240580,101557,148474,75915,18846,29242,16,3328,0,0,0,0,20160608
201605,경의선,홍대입구,5,0,553,135,853,756,1731,2861,1646,5687,1234,4772,1166,3770,1110,3492,1403,4540,1759,4662,1990,4707,2428,4503,2818,4933,3633,5786,4957,7613,3825,5660,3817,3542,4646,3195,5812,2456,3247,1957,185,445,0,0,0,0,0,0,20160608
201605,공항철도 1호선,홍대입구,134,5,5165,581,6417,2614,11281,6844,13431,20564,10860,16624,10061,12858,10151,12060,10261,13450,10839,15723,11801,14189,13583,15080,15725,15653,18466,17449,23759,25149,19857,21484,18085,13570,21717,11932,23692,10945,13475,9292,1177,2408,1,2,0,0,0,0,20160608
201606,2호선,홍대입구,1956,35,49397,4096,45919,18384,87958,45180,101770,132886,71045,131229,64255,95925,66847,108154,76680,134084,88763,154130,96613,154672,114602,156006,133454,167811,155831,195469,202185,253940,162358,230037,159608,137618,202373,110547,230047,93364,135634,71821,16247,25802,18,2983,0,0,0,0,20160708
201606,경의선,홍대입구,20,2,500,132,828,709,1735,2861,1759,4976,1167,4093,1080,2983,1106,2956,1338,4059,1645,4319,1726,4220,2183,4203,2494,4568,3360,5212,4642,7100,3523,5357,3668,3401,4948,3011,5512,2158,2949,1941,190,449,0,0,0,0,0,0,20160708
201606,공항철도 1호선,홍대입구,149,6,4951,522,6586,2642,11230,6756,13276,20076,10499,15472,9880,11818,9928,11234,10067,13126,10390,14429,10880,13319,12788,14481,14776,15095,17420,17451,23564,25043,18811,21924,17981,13251,22190,11936,24421,10691,13595,9035,1225,2607,2,1,0,0,0,0,20160708
201607,2호선,홍대입구,1965,17,51355,4021,46472,16515,86357,41277,100886,130132,70237,129987,63225,100433,68415,120759,79469,153804,92066,180507,102124,173643,119267,174292,145079,185944,173729,212106,221682,271052,181705,244602,177795,143111,223124,114652,250777,96476,141510,72263,16528,25728,8,2521,0,0,0,0,20160808
201607,경의선,홍대입구,8,2,515,108,844,668,1441,2697,1642,4692,1123,3354,1130,2923,1054,3337,1211,5324,1536,4911,1673,4633,1984,4269,2550,4692,3564,5592,4800,7003,3637,5420,3786,3201,4910,3072,6356,2412,2922,1835,151,460,0,0,0,0,0,0,20160808
201607,공항철도 1호선,홍대입구,183,9,4884,521,6422,2554,10837,6290,12650,19121,10148,14389,9657,12082,9996,12015,10505,14668,11143,16248,11521,14684,13381,15788,15840,16424,18496,18354,24511,26112,19665,23339,18427,13557,22955,12129,25790,11316,13849,9111,1192,2871,5,7,0,0,0,0,20160808
201608,2호선,홍대입구,1687,28,49426,3785,47634,17955,85621,41537,98897,125409,69528,126125,63562,101485,68619,124727,78556,154962,92574,177156,102444,174047,123500,171934,147738,185475,174332,206534,218714,271016,185499,242936,177711,144638,220914,111253,244735,94638,139657,72230,16944,26032,4,2796,0,0,0,0,20160908
201608,경의선,홍대입구,8,2,498,103,873,690,1400,2471,1578,4479,1200,3420,1097,3165,1089,3645,1191,5223,1481,5345,1621,4486,2016,4628,2481,4721,3419,5301,4786,7011,3894,5225,3808,3250,4946,3088,6537,2273,2797,1895,164,419,0,0,0,0,0,0,20160908
201608,공항철도 1호선,홍대입구,329,11,4810,494,6428,2673,10657,6434,12647,19004,10564,15004,10603,12973,10673,12987,10783,15435,11517,17172,11883,15308,13734,16195,16008,16600,19234,18783,24623,26469,20168,23164,18778,14203,23124,12272,25954,11327,13474,9015,1218,3042,0,0,0,0,0,0,20160908
201609,2호선,홍대입구,1470,13,43751,3525,43005,16864,80570,41581,94072,123323,67256,131848,58844,94997,62962,101329,72358,126061,84648,148166,93421,146947,109976,147906,132438,165091,156241,195123,199450,248135,164177,227012,154003,132201,191233,104581,215314,88640,127724,67731,16303,26213,630,2922,0,89,0,0,20161008
201609,경의선,홍대입구,3,1,417,103,915,648,1304,2607,1612,4820,1168,4530,1150,3361,1059,3204,1347,4596,1571,4373,1725,4062,2187,3988,2580,4589,3545,4951,4621,6473,3833,5044,3747,2979,5021,2767,6049,2151,2986,1697,174,467,0,8,0,0,0,0,20161008
201609,공항철도 1호선,홍대입구,185,8,4491,484,6172,2714,10854,6178,11816,19603,9421,15651,9522,12059,9815,11438,9897,13431,10371,15306,11001,13572,12662,14634,15011,15635,18117,17816,24089,25216,19915,21315,17872,12968,22252,11206,24965,10789,13304,8519,1304,2556,20,66,0,0,0,0,20161008
201610,2호선,홍대입구,2169,20,47760,4198,47593,18887,87308,43789,103680,129360,76273,141158,68199,107767,71506,113164,81006,138201,96329,167057,104826,161925,124486,163225,148492,178714,175078,207497,220476,265436,176102,238798,166036,141745,204536,114202,228613,98441,133647,70249,15083,25935,17,2227,0,0,0,0,20161108
201610,경의선,홍대입구,3,0,471,96,982,664,1401,2551,1780,5399,1299,5208,1235,3881,1234,3972,1544,4800,1790,4950,2006,4401,2955,4571,2952,4587,3989,6049,4927,6277,4074,6085,3958,3133,5154,3113,5794,2539,3201,1675,142,480,0,0,0,0,0,0,20161108
201610,공항철도 1호선,홍대입구,147,3,4840,546,6418,2925,11515,6520,13159,21294,10871,17181,10721,13604,10766,13092,10938,15301,11530,16681,12428,15240,14592,16281,16745,16676,20080,19732,26479,26904,20969,23484,18878,13782,23298,12783,25480,11744,13528,9160,1098,2512,0,0,0,0,0,0,20161108
201611,2호선,홍대입구,1507,15,39201,4016,41177,17972,86723,42192,105466,134419,75233,143428,64055,100573,66682,105873,76203,127302,88718,153403,96230,149290,116230,154765,141575,168924,173891,207629,217852,273003,170454,241852,161371,138337,204113,107684,232007,90645,132995,66048,17171,24185,76,2075,0,0,0,0,20161208
201611,경의선,홍대입구,7,1,409,80,744,515,1428,2310,1901,5586,1236,5023,1098,3391,1075,3368,1352,4121,1723,4311,1920,3869,2189,3716,2768,4033,3605,5411,4814,6590,3837,5156,3494,2706,5086,2512,5639,2015,3038,1432,222,346,0,0,0,0,0,0,20161208
201611,공항철도 1호선,홍대입구,121,1,4148,510,5815,2666,11425,5760,13325,21967,10460,17547,9394,13020,9817,11587,10251,13648,11073,15589,11228,13618,13197,14490,15292,15252,19287,18604,25542,27087,19319,22447,17007,12878,21266,11625,23593,11080,12371,8520,1050,2439,0,0,0,0,0,0,20161208
201612,2호선,홍대입구,1730,10,46878,3942,45729,18326,83845,39822,100736,137935,71434,138176,64529,108661,74415,129300,85034,161203,99509,192106,111455,190161,135548,191447,165342,205563,199224,235588,242027,302627,193845,268903,185782,154749,232496,119795,275719,100402,161077,75091,22774,29795,1155,4325,13,353,0,0,20170108
201612,경의선,홍대입구,0,0,406,68,719,462,1345,1978,1755,6081,1214,4640,1013,3711,1191,4027,1558,5169,1703,5368,1980,5351,2435,5020,2948,5100,4043,5539,4953,7020,4133,4837,3703,3254,4864,2859,6877,2270,3457,1648,203,434,0,0,0,0,0,0,20170108
201612,공항철도 1호선,홍대입구,112,2,3991,531,5937,2645,10525,5440,12914,22424,10011,16336,9572,13012,10969,12597,11276,14905,11756,16923,12384,15550,14709,16159,16524,17114,20758,20123,25970,28912,20134,23546,17282,13606,21830,12443,25332,11243,13916,9171,1357,3152,1,1,0,0,0,0,20170108
201701,2호선,홍대입구,2247,33,47951,3662,45127,16415,78349,31601,92794,115445,64643,117469,57675,96060,63867,118339,74673,156484,89797,188242,99910,186168,120999,186093,148977,192906,180378,212495,225181,264487,184323,238052,176307,132396,221876,101699,249864,84816,143906,61596,17444,22686,429,2203,0,57,0,0,20170208
201701,경의선,홍대입구,6,0,335,65,668,451,1267,1704,1717,4890,1097,3513,925,3272,1069,3964,1368,5286,1685,5059,1856,5204,2235,4961,2836,4872,3867,5076,4918,6582,3846,4563,3540,2878,4584,2670,5883,1831,2917,1479,166,363,0,3,0,0,0,0,20170208
201701,공항철도 1호선,홍대입구,174,9,3946,449,5797,2444,9339,5291,11281,18974,9284,15086,8816,12068,10243,13047,10928,15418,11180,17102,11919,15525,13858,15692,15537,16298,19102,18063,24766,25125,18900,20988,15876,12129,19906,10992,21620,9812,11584,7763,1092,2722,5,63,0,0,0,0,20170208
201702,2호선,홍대입구,1509,33,42155,3608,41853,16787,76589,32426,92966,108754,64755,117095,57713,103411,64669,127781,75270,168012,91794,198213,103838,194943,127858,192554,155966,197917,187789,217680,232199,269580,197932,250506,185270,138202,228986,106109,249455,85107,146741,62310,17948,23400,9,1903,1,0,0,0,20170308
201702,경의선,홍대입구,8,0,347,63,725,419,1233,1872,1927,4254,1129,3361,918,3361,997,4232,1266,5307,1640,5567,1890,5501,2452,5727,3143,5257,4114,5509,5005,7006,4175,4953,3793,3103,4759,2723,5253,2190,3027,1415,146,313,0,0,0,0,0,0,20170308
201702,공항철도 1호선,홍대입구,146,5,3571,363,5589,2291,9382,5093,11520,17596,8817,14566,8832,12126,9646,13131,10330,16336,11154,17442,11850,16158,14203,16204,16567,16874,19287,18715,25339,25385,19882,23395,16879,12468,20768,10743,21603,9404,11968,8273,1060,2710,2,2,0,0,0,0,20170308
201703,2호선,홍대입구,1788,18,42686,4139,43975,19300,87652,42694,106306,133012,75185,147684,64402,111469,68800,117215,79336,144542,92868,169624,103023,169815,124600,174281,154894,189758,184188,228574,226959,292561,192488,261971,185336,146955,232931,111218,258464,92869,150317,67995,17549,25664,12,2675,0,0,0,0,20170403
201703,경의선,홍대입구,6,0,384,58,937,623,1423,2730,2190,5624,1425,4887,1148,3835,1117,3665,1530,4784,1772,4912,2136,4904,2747,4746,3351,4891,4373,5950,5682,7606,4550,5377,4001,3365,4854,2821,5820,2130,3116,1721,181,360,0,0,0,0,0,0,20170403
201703,공항철도 1호선,홍대입구,143,13,3951,391,6178,2757,11038,6811,13021,21419,10298,18299,9558,14252,10575,13728,11207,15939,11639,17087,12506,15749,14921,16302,16643,17390,20719,20627,27076,28052,21802,26262,18745,13551,23074,11756,23928,10314,12762,9338,1129,2762,2,5,0,0,0,0,20170403
201704,2호선,홍대입구,1887,33,45422,4182,45927,20662,83209,41743,101166,118560,75231,134820,68093,103830,69836,108297,78241,136121,91408,157291,98477,156770,117429,157912,138384,169213,166507,203110,203517,263664,173382,239576,167424,143313,210918,110546,234621,97311,137274,70349,15510,24313,16,2496,0,0,0,0,20170503
201704,경의선,홍대입구,3,0,480,86,1063,737,1430,2773,2108,5344,1537,4944,1274,4011,1139,3707,1549,4660,1809,4881,2166,4889,2603,4422,2953,4999,4004,5565,5439,7418,4290,5352,4017,3723,4867,2940,6057,2359,3249,1845,198,371,0,0,0,0,0,0,20170503
201704,공항철도 1호선,홍대입구,202,11,4585,503,6545,2930,10845,6685,13291,19739,11062,17205,10570,14084,10929,13316,11242,15518,11700,16661,12481,15882,14575,16436,16118,16783,19520,19325,25888,26279,21122,25049,18644,13637,23384,11879,24327,11133,12580,9727,1183,2616,2,5,0,0,0,0,20170503
201705,2호선,홍대입구,2214,28,57338,4804,49515,23095,80159,41976,96594,114666,72204,131738,66004,110026,69706,121984,81350,156337,94810,181086,106985,178548,130567,178358,153615,187946,183185,221256,216339,277353,185562,243914,183852,151125,224693,116802,251850,98835,155287,76208,18881,27965,8,2918,0,0,0,0,20170603
201705,경의선,홍대입구,13,2,615,92,1106,739,1478,2556,2011,5203,1445,5523,1228,4431,1278,4662,1691,5638,1890,5508,2507,5883,3040,5211,3657,5775,4331,6167,5883,7730,4833,5611,4519,4002,5547,3075,6445,2597,3732,1976,191,453,0,1,0,0,0,0,20170603
201705,공항철도 1호선,홍대입구,152,11,4795,523,6584,3366,10592,6892,12723,19354,11088,17716,10349,14549,11080,14605,11445,17569,12225,18307,13594,16923,15860,17668,17674,17808,20371,20473,27294,26777,22746,25531,20672,14097,25595,12291,26199,11324,14464,9732,1310,2701,5,8,0,0,0,0,20170603
201706,2호선,홍대입구,1946,30,48612,5072,44510,23322,80945,42588,98236,115047,70413,123157,61652,96357,66240,108580,75711,136723,88601,159573,95793,157241,114963,161021,137899,171141,161706,201126,198434,262164,164152,233932,163933,137782,206683,109749,236906,92588,141079,72296,18063,25790,10,3345,0,0,0,0,20170703
201706,경의선,홍대입구,13,0,593,92,1006,716,1470,2749,2118,5081,1229,4439,1208,3533,1357,3788,1605,4687,1702,4830,2082,4672,2353,4317,2987,4664,3576,5609,5261,7014,4190,4838,4014,3524,5124,2780,6133,2455,3597,1844,205,444,0,0,0,0,0,0,20170703
201706,공항철도 1호선,홍대입구,171,11,4830,582,6409,3579,10590,6881,12987,19763,10292,16718,9972,13150,10741,13348,11000,15602,11434,16650,11873,15548,14206,16111,16276,16637,18937,19354,25532,26960,20641,26291,19344,13524,24248,12042,26153,11417,14348,9554,1443,2800,1,2,0,1,0,0,20170703
201707,2호선,홍대입구,1938,26,50747,5052,45044,23418,79270,40613,97014,110778,67621,121547,59315,98617,65435,114060,76552,148969,89250,179477,98149,172046,117539,173881,141163,183730,173964,211372,211951,270821,175971,236573,175388,135473,218983,106216,248454,89549,141344,66565,16804,22990,6,2680,0,0,0,0,20170803
201707,경의선,홍대입구,2,0,552,89,936,677,1468,2520,2084,5024,1254,3933,1205,3355,1104,3620,1481,5529,1634,5066,1956,4760,2169,4499,2898,5049,3698,5503,5279,6863,4031,4875,3865,3328,5301,2722,6730,2472,3194,1767,181,420,0,0,0,0,0,0,20170803
201707,공항철도 1호선,홍대입구,152,20,4699,483,6307,3941,10427,6121,12271,18454,9711,16345,9554,12831,10717,13378,11094,16292,11448,17283,11962,16124,13713,16399,15731,17166,19734,19870,25859,26693,20652,25502,18666,13699,23608,11799,25545,10879,13613,9356,1259,2690,1,3,0,0,0,0,20170803
201708,2호선,홍대입구,1803,23,46447,4842,44367,23043,79083,38526,94975,111465,68103,118429,59493,99808,66159,119799,76622,155812,89997,182966,99375,176356,120554,174238,147521,187566,176803,211051,216482,274817,182608,239231,177686,138503,222010,105550,249053,90145,142109,66715,18586,24681,1,3021,0,0,0,0,20170903
201708,경의선,홍대입구,4,0,590,95,1000,717,1500,2434,2096,4959,1255,3877,1250,3349,1207,3878,1413,5730,1758,5231,1981,5149,2325,4660,2828,5066,3796,5835,5377,6987,4432,5202,4149,3377,5212,2883,7110,2281,3287,1618,175,418,0,0,0,0,0,0,20170903
201708,공항철도 1호선,홍대입구,388,26,4603,544,6218,3918,9845,6016,12093,18664,9863,16444,9651,13038,10938,14289,11388,17353,12080,18243,12874,16330,14229,17118,16396,17924,19893,20089,26266,27683,21165,26672,18622,14074,23913,11783,26725,11115,13784,9261,1283,2745,1,4,0,0,0,0,20170903
201709,2호선,홍대입구,1624,28,43563,5010,43344,24205,81368,42200,100091,121469,72233,137900,60660,101637,64010,108281,74741,134154,90412,160079,96892,157109,118305,159361,142324,173097,173025,206465,209424,273633,173468,240898,164167,137106,204056,106033,234038,91202,137326,67101,17979,25305,1,2812,0,1,0,0,20171003
201709,경의선,홍대입구,5,0,571,88,971,757,1663,2561,2138,5891,1441,5623,1369,4129,1203,3595,1430,4956,1943,4934,2350,4590,2789,4493,3151,4876,4180,5652,5750,7446,4648,5398,4215,3642,5530,3230,7184,2598,3572,1867,199,420,0,0,0,0,0,0,20171003
201709,공항철도 1호선,홍대입구,170,10,4689,586,6425,4089,10680,6555,12769,21077,10272,18764,9800,13972,10526,13470,10625,15954,11470,17517,12478,15749,14395,16805,16699,17178,20993,20094,27386,28814,22073,27002,19798,14024,24969,12403,27269,11261,14935,9377,1254,2459,1,3,0,0,0,0,20171003
201710,2호선,홍대입구,2118,37,45302,4320,42177,22568,70206,36223,86430,99191,68833,118159,61482,98588,66494,112242,75150,146411,90308,174974,99470,172322,120667,173282,147792,183005,175995,207734,209876,256611,175080,222428,170154,131072,207937,102742,228029,87340,127653,63883,12384,21700,6,2206,0,0,0,0,20171103
201710,경의선,홍대입구,4,1,479,62,1179,706,1567,2145,1871,4882,1488,4925,1464,4511,1342,4391,1518,5315,1961,5926,2402,5782,3155,5413,3361,5536,4586,6190,5409,7261,4530,5236,4449,3872,5296,3029,6284,2529,3260,1845,165,412,0,0,0,0,0,0,20171103
201710,공항철도 1호선,홍대입구,226,9,4764,539,6321,3783,9793,5612,11564,17697,10573,16450,10769,12910,11049,14432,11110,17304,12229,18847,13388,17328,14842,17881,17506,18458,21179,20531,26049,26991,20883,24806,19211,13930,23207,12238,24370,11486,13380,9591,1242,2592,2,11,0,0,0,0,20171103
201711,2호선,홍대입구,1667,16,37515,4835,38023,27840,80093,43085,102887,119670,74943,138689,63689,104072,68378,105784,79333,132510,91490,156571,99423,156285,118334,158756,146562,172581,181573,211025,215117,283369,170506,242731,162205,132159,207662,99122,234967,87794,133985,60939,17468,22869,5,2524,0,0,0,0,20171203
201711,경의선,홍대입구,4,0,504,80,1001,738,1709,2354,2211,5839,1507,5056,1328,4454,1266,3448,1540,4633,1809,4376,2125,4604,2277,4360,2967,4858,4145,5684,5450,7157,4272,5043,3828,3484,4842,2637,5654,2228,2966,1488,173,394,0,0,0,0,0,0,20171203
201711,경의선,홍대입구,0,0,0,0,0,0,0,0,0,0,0,0,0,0,0,0,0,0,0,0,0,0,0,0,0,0,0,0,0,0,0,0,0,0,0,0,0,0,1,0,0,0,0,0,0,0,0,0,20171203
201711,공항철도 1호선,홍대입구,179,6,4638,510,6227,5056,10561,6460,13420,21087,11341,18797,10400,13430,11626,13271,11666,15242,11971,17429,12626,15583,13925,16021,17310,17014,21352,20249,26948,30099,20369,25940,17571,13619,22002,12009,23280,10898,12763,9039,1088,2719,1,1,0,0,0,0,20171203
201712,2호선,홍대입구,2020,29,47991,4574,44553,25780,75699,41003,92847,115167,70517,129254,65902,106058,75903,125678,86560,164328,100040,192043,112680,192404,134296,195775,169296,208484,202890,242682,228190,299243,190707,259571,183417,150113,229001,116583,273327,100279,163210,76852,21020,28500,894,5429,1,412,0,0,20180103
201712,경의선,홍대입구,0,0,0,0,0,0,0,0,0,0,0,0,0,0,0,0,0,0,0,0,0,0,0,0,0,0,0,0,0,0,0,0,0,0,0,0,1,0,0,0,0,0,0,0,0,0,0,0,20180103
201712,경의선,홍대입구,11,2,495,98,881,747,1483,1862,2096,6094,1502,4769,1323,4135,1394,3878,1676,5373,1873,5713,2234,5201,2617,5291,3338,5700,4417,6269,5482,6945,4234,5014,3942,3644,4988,2869,7340,2482,3415,1990,194,380,1,1,0,0,0,0,20180103
201712,공항철도 1호선,홍대입구,140,12,4323,463,6066,6519,9862,6020,12209,19761,10868,17512,11100,14017,12877,14102,13115,16762,13026,18815,13360,18138,15266,18878,18947,19273,23572,22309,26483,31168,20320,26148,18224,14932,22161,12857,26022,11983,14621,10759,1425,3447,4,164,0,73,0,0,20180103
201801,2호선,홍대입구,1981,47,44924,4590,43748,21918,77790,36711,95760,122316,67809,125026,58247,94304,64594,114177,75129,152055,89354,181718,95643,179582,116322,174914,146682,184006,181184,209785,225700,269993,181736,237984,173187,128222,216480,97042,247964,81008,138727,59415,16947,21738,5,2355,0,0,0,0,20180203
201801,경의선,홍대입구,0,0,0,0,0,0,0,0,0,0,0,0,0,0,1,0,0,0,0,0,0,0,0,0,0,0,0,0,0,0,0,0,0,0,0,0,0,0,0,0,0,0,0,0,0,0,0,0,20180203
201801,경의선,홍대입구,6,0,536,100,806,728,1449,2019,1907,5940,1246,4381,1171,3145,1205,3283,1412,5289,1683,4898,1919,4714,2232,4443,2902,4565,3971,4909,5528,6023,4234,4732,3724,2787,4874,2414,6922,1805,2955,1533,183,302,1,0,0,0,0,0,20180203
201801,공항철도 1호선,홍대입구,138,8,4316,446,5538,6612,9758,5713,12324,20425,9920,16320,9743,12393,10737,12837,11250,15819,11918,17908,11910,16744,13329,16359,17150,16663,21604,19025,26339,28376,19662,23824,16924,13302,20766,11452,22872,10403,11715,8576,1103,2440,0,1,0,0,1,0,20180203
201802,2호선,홍대입구,1497,17,37118,3616,36459,16972,64928,32320,80329,100560,59816,105143,53735,90088,61003,114675,70666,151473,83578,184288,94048,180442,115066,180120,143547,184179,175233,203683,213766,252524,181412,218540,172736,122700,209766,91189,226911,77973,130608,54582,16374,22108,201,2446,1,40,0,0,20180303
201802,경의선,홍대입구,0,0,0,0,0,0,0,0,0,0,0,0,0,0,0,0,0,0,0,0,0,0,0,0,0,0,1,0,1,0,0,0,0,0,0,0,0,0,0,0,0,0,0,0,0,0,0,0,20180303
201802,경의선,홍대입구,8,0,457,98,724,646,1184,1737,1595,4164,1207,3162,1145,2943,1165,3336,1412,4501,1620,4867,1850,5098,2232,4376,2971,4731,3689,5292,4981,5521,3965,4528,3867,2821,4312,2333,4990,1746,2653,1262,251,624,0,2,0,0,0,0,20180303
201802,공항철도 1호선,홍대입구,148,7,3884,427,5247,5796,8727,4858,11003,15576,8828,14381,8970,11096,10448,12165,10904,15275,10731,16930,11418,16712,12816,15450,15810,16573,19651,18604,23320,25222,18170,22018,16135,12928,19144,10587,19510,9724,10555,8025,1068,2643,9,45,0,0,0,0,20180303
201803,2호선,홍대입구,1927,26,42660,4812,41229,21617,80036,46213,99704,130485,75654,154586,67437,113204,74232,122590,85410,154225,99302,185718,106519,183075,130406,185699,162849,203042,200361,241172,241139,303987,200365,264244,195950,148677,243368,112412,268302,94804,157009,69364,18422,26103,7,2498,1,1,0,0,20180403
201803,경의선,홍대입구,8,0,585,120,956,789,1550,2888,2263,5474,1480,5442,1358,3832,1307,3440,1774,4939,2101,5050,2347,4793,2778,4648,3606,5185,4731,6423,6538,7900,4957,5599,4528,3464,5490,2799,6638,2423,3396,1961,190,395,0,0,0,0,0,0,20180403
201803,공항철도 1호선,홍대입구,151,8,4353,637,6019,8093,10869,7442,13726,20607,11410,18652,11821,14835,12470,14740,12451,17103,12849,19996,13072,18346,15324,19001,19517,19515,25147,23330,28877,32307,22788,26844,20126,15448,24497,13289,25827,12400,13696,10524,1124,2901,0,1,0,0,0,0,20180403
201804,2호선,홍대입구,1799,10,41721,4882,42223,21455,79423,44879,101301,128962,79032,149877,71892,108123,74678,111096,84119,136938,95944,160935,103754,159246,121797,157323,143352,174245,177127,205422,215062,273636,177013,237015,170745,141113,210633,111371,233663,93779,135642,69942,17282,24079,9,2753,0,0,0,0,20180503
201804,경의선,홍대입구,6,0,592,101,876,829,1632,2926,2211,5373,1564,5224,1590,3768,1410,3412,1719,4487,1935,4254,2167,4358,2722,4307,3321,4521,4294,5638,5878,6862,4430,5477,3981,3453,5084,2792,6025,2205,3062,1853,230,432,0,0,0,0,0,0,20180503
201804,공항철도 1호선,홍대입구,165,5,4893,664,6562,7809,11543,8286,14171,20840,12538,18541,12438,14768,12643,13922,12740,16238,12722,18316,13424,16656,14741,17308,18821,17570,23463,20933,27029,30994,21811,26245,19659,15548,23257,13992,24381,12159,13173,10805,1202,2903,1,1,0,0,0,0,20180503
201805,2호선,홍대입구,2125,14,49918,5100,44703,22880,78881,43096,97234,125366,76211,151606,68284,117358,74232,128740,87820,161121,101020,184515,112735,183647,135910,180665,162012,193572,195050,220841,231667,284984,191981,244173,186198,147942,227729,114876,254037,98434,149856,75038,19835,28509,8,2657,0,0,0,0,20180603
201805,경의선,홍대입구,0,0,0,0,0,0,0,0,0,0,0,0,0,0,0,0,0,0,0,0,0,0,1,0,0,0,0,0,0,0,0,0,0,0,0,0,0,0,0,0,0,0,0,0,0,0,0,0,20180603
201805,경의선,홍대입구,8,0,746,153,947,710,1679,2878,2081,5315,1571,5599,1594,4085,1420,3793,1783,5290,2168,5194,2492,4893,3339,4876,3788,4885,4855,6137,6458,7187,4875,5182,4421,3432,5618,2796,6901,2113,3418,1922,244,422,0,0,0,0,0,0,20180603
201805,공항철도 1호선,홍대입구,196,9,5073,796,6535,8841,11269,9232,13808,20627,12066,19518,12066,15245,12969,15906,13397,18604,13670,20490,14994,19229,17243,20170,21437,19924,25497,23113,29084,32839,23969,26689,22385,16382,26437,14103,27428,13334,14945,11419,1420,2950,1,1,0,0,0,0,20180603
201806,2호선,홍대입구,1828,25,46383,4877,41686,22800,74273,40957,91036,111205,70941,131153,65128,103512,72325,117620,83134,147728,95447,171448,102584,168992,122246,170229,148034,181416,173004,209208,209341,264957,170431,227458,170352,137672,209947,110791,237487,94779,140057,71802,17328,28422,312,2955,368,863,63,180,20180703
201806,경의선,홍대입구,10,1,727,137,879,647,1494,2716,1903,4859,1473,4323,1374,3239,1387,3343,1639,4440,1925,4246,2115,4049,2577,4264,3291,4235,4145,5175,5675,6321,4288,4567,4277,3159,5334,2537,6319,1883,3297,1804,233,394,0,0,0,0,0,0,20180703
201806,공항철도 1호선,홍대입구,189,8,5346,815,6568,7881,10704,8810,13456,19107,11776,17815,12003,14085,12837,15655,12930,18011,13264,19888,13780,18572,15630,19514,19789,19558,24083,23048,27552,31872,22738,25790,21426,15733,25751,13839,27002,12652,15870,11102,1421,3285,2,2,0,0,0,0,20180703
201807,2호선,홍대입구,1610,16,44707,5160,41752,21955,78929,41831,97866,120823,72529,132422,64129,105706,70891,122001,83514,156078,96422,178010,103373,174798,123333,171776,148393,186059,180477,213421,222525,279886,179482,241241,177762,137738,223071,110292,251337,92526,141213,67127,18009,25050,23,2581,0,0,0,0,20180803
201807,경의선,홍대입구,9,0,765,135,951,734,1606,2725,2000,5253,1486,4083,1491,3357,1377,3238,1544,4917,1835,4223,2009,4488,2258,4223,3204,4076,4148,5410,6027,6529,4342,4844,4260,3042,5354,2685,7306,2108,3245,1797,185,396,1,0,0,0,0,0,20180803
201807,공항철도 1호선,홍대입구,245,20,5194,725,6478,5464,11029,9112,13599,20798,11480,17890,11837,13617,12722,14858,13079,17905,13524,18566,13606,17861,15286,18781,19210,19246,23497,23183,28492,32921,22187,27253,20574,15529,25468,13232,27830,12471,14567,10821,1428,2985,3,5,0,0,0,0,20180803
201808,2호선,홍대입구,1289,19,41913,4864,40498,19339,75552,39764,93388,117591,71793,129023,65508,108551,74086,125933,86327,158168,98978,179122,106602,173649,126192,176746,150604,187749,180090,216783,222091,279283,181550,238782,179639,139020,220182,111029,243167,91318,137661,68435,18240,25869,2,2715,0,0,0,0,20180903
201808,경의선,홍대입구,0,0,0,0,0,0,0,0,0,0,0,0,0,0,0,0,0,0,0,0,0,0,0,0,0,0,0,0,0,0,0,0,0,0,0,0,0,0,1,0,0,0,0,0,0,0,0,0,20180903
201808,경의선,홍대입구,5,0,733,141,921,586,1584,2479,1988,5121,1456,4033,1454,3369,1412,3545,1724,5311,1937,4749,2053,4653,2479,4467,2916,4692,4328,5697,6072,6715,4690,5098,4351,3218,5473,2756,7238,2255,3208,1933,201,429,0,0,0,0,0,0,20180903
201808,공항철도 1호선,홍대입구,175,9,5236,517,6247,3903,10492,8504,13133,21546,12101,18592,12531,14369,13869,16148,14316,19470,14675,19938,14900,18893,16522,19966,19427,21061,24692,24150,29935,33836,23183,27570,21562,16121,25298,13572,27959,12692,14789,10935,1452,3487,1,2,0,0,0,0,20180903
201809,2호선,홍대입구,1847,17,42724,4881,39332,18969,68007,36234,84436,108457,69280,130569,62492,100126,69475,113013,81256,145006,92156,170115,101207,165074,121000,170406,147742,181083,175084,208317,206950,258257,173994,220866,167055,129033,203285,102971,224748,86754,127747,65150,14237,23130,213,2561,1,49,0,0,20181003
201809,경의선,홍대입구,18,1,644,109,984,566,1452,2149,1900,5343,1484,4809,1427,3722,1345,3456,1729,4935,2237,4936,2302,4893,2804,4842,3645,4984,4664,6064,6023,7127,4948,5157,4632,3419,5543,2902,7136,2326,3284,1993,176,438,1,3,0,0,0,0,20181003
201809,공항철도 1호선,홍대입구,202,12,5156,464,6271,3380,10370,7055,12778,20730,12075,18829,12702,15240,13129,16470,13565,19862,14374,20969,15295,19814,17721,20833,20633,21355,24626,24526,30174,32897,24659,26466,22835,15630,27228,13631,29538,12245,14964,10765,1370,3002,8,34,0,0,0,0,20181003
201810,2호선,홍대입구,1604,22,39733,5645,40348,22586,79857,41673,100674,128461,82370,153375,73975,112519,78617,121810,88536,152676,103583,172241,111299,168227,131776,169995,158215,183596,188698,217352,230162,281682,182644,243902,176558,140726,211831,112697,233122,95758,129424,69336,16437,24592,25,2566,0,0,0,0,20181103
201810,경의선,홍대입구,11,0,631,123,998,550,1794,2559,2292,6638,1842,6060,1814,4363,1574,3713,1930,5375,2409,5077,2979,5194,3203,5274,4043,5143,4975,6380,6986,7747,5258,5971,4792,3543,5971,3327,7095,2339,3484,2077,229,461,1,0,0,0,0,0,20181103
201810,공항철도 1호선,홍대입구,221,12,5651,522,7190,3851,12534,8420,15473,24291,14558,22554,14681,17097,15094,17376,14827,21606,15188,22200,16203,21383,18784,21774,22416,23028,26885,27319,34050,36674,26358,30022,23766,18351,29144,15679,30240,13537,14995,11870,1433,3135,2,0,0,0,0,0,20181103
201811,2호선,홍대입구,1581,25,36721,5550,37787,21380,78768,40073,100675,127067,79930,150041,70955,109451,76129,116467,87482,144553,97930,166094,104997,161972,125474,169422,153924,182785,188111,224772,222584,294977,173495,243557,169599,136219,213385,107377,240242,87154,136236,68163,19352,23713,30,2601,3,4,0,0,20181203
201811,경의선,홍대입구,8,0,586,134,978,501,1652,2421,2100,6406,1701,5996,1531,3829,1498,3627,1842,4885,2184,4580,2482,4823,2911,4793,3676,4836,4806,6103,6381,7519,4569,5549,4613,3382,5784,2874,7179,1907,3368,1865,228,344,0,0,0,0,0,0,20181203
201811,공항철도 1호선,홍대입구,222,12,5197,513,6624,3922,12487,8216,15545,23850,14389,23105,14933,16928,15225,16383,14684,20321,15500,20777,16058,20946,17697,20665,21672,22491,26999,27283,33860,38081,25004,29612,22654,17528,28256,15160,30622,13166,15601,11704,1625,3636,2,0,0,0,0,0,20181203
201812,2호선,홍대입구,1808,33,42624,5021,39150,21314,70241,37030,90808,118508,73226,133642,70412,114045,83771,136336,95515,172873,106577,199575,117765,198834,141379,199603,172802,217448,207293,246647,235293,302098,193714,246039,190554,144009,234128,115291,268565,98834,151494,74240,19820,26791,794,5049,4,202,0,0,20190103
201812,경의선,홍대입구,0,0,0,0,0,0,0,0,0,0,0,0,0,0,0,0,0,0,0,0,0,0,0,0,0,0,0,0,0,0,0,0,0,0,1,0,0,0,0,0,0,0,0,0,0,0,0,0,20190103
201812,경의선,홍대입구,11,0,438,96,991,480,1404,1960,1866,6277,1490,5518,1466,3931,1613,4016,1874,5428,2268,5187,2474,5327,2945,5457,3882,5032,4713,6030,6098,7238,4756,5230,4644,3194,5884,2767,8000,2225,3511,1852,203,412,1,0,0,1,0,0,20190103
201812,공항철도 1호선,홍대입구,202,5,4909,490,6257,3466,10880,7293,13966,21902,13551,20346,15119,16539,16675,17686,16337,22781,16701,24257,17072,24050,19391,24008,23208,25589,28380,30140,33213,38683,25691,29907,22982,18647,28529,14996,32028,14129,16397,11861,1699,3417,1,1,0,0,0,0,20190103
201901,2호선,홍대입구,1999,25,42966,4886,40983,21293,75744,34121,97036,122529,72382,128526,65507,102686,73896,124656,85601,160811,99834,188834,106904,185683,126667,186096,152936,196176,191090,223886,233658,283946,186501,241174,180036,132395,226138,103526,251179,87344,137721,64639,17971,23195,18,2622,0,0,0,0,20190203
201901,경의선,홍대입구,0,0,0,0,0,0,0,0,0,0,0,0,0,0,0,0,0,0,1,0,0,0,0,0,0,0,0,0,0,0,1,0,0,0,0,0,0,0,0,0,0,0,0,0,0,0,0,0,20190203
201901,경의선,홍대입구,8,0,417,79,975,468,1408,1947,1920,6015,1333,4761,1253,3185,1316,3570,1602,5160,1933,4993,2294,5016,2737,4900,3389,4772,4746,5338,6457,6772,5058,5169,4542,2829,5411,2469,7490,1854,3144,1604,244,324,0,0,0,0,0,0,20190203
201901,공항철도 1호선,홍대입구,237,9,4874,582,6087,3086,11519,7174,14295,22516,13050,20512,13378,15114,14696,17089,15311,22708,15698,23435,16344,23095,18896,23104,22235,23825,27818,27128,34750,37001,26600,29074,22789,16697,28555,14246,31007,12867,14293,10376,1440,2980,1,1,0,0,0,0,20190203
201902,2호선,홍대입구,1508,22,34021,4221,31881,17377,60936,28220,78407,96326,60766,105547,57151,96700,65889,121794,77026,156483,88760,185535,98816,180535,119366,184898,145119,188939,177082,204945,212672,251553,178532,210573,172536,120151,209784,92807,224528,74498,125034,55632,15373,19486,147,1810,0,55,1,0,20190303
201902,경의선,홍대입구,10,1,389,71,708,423,1140,1651,1600,4364,1262,3272,1284,2922,1300,3518,1514,5147,1777,4954,2240,5183,2712,5276,3480,4856,4451,5376,5921,6401,4661,4804,4231,2826,5020,2499,5667,1693,2919,1457,139,294,0,4,0,0,0,0,20190303
201902,공항철도 1호선,홍대입구,222,10,4096,472,5085,2587,9548,6105,11968,17810,11397,16361,12371,13941,13472,16163,13122,21522,14152,22604,14924,22781,17575,22697,21210,23575,25564,25860,31202,32427,24952,26310,21857,15356,26379,12966,26538,10929,12964,9028,1291,2692,11,38,0,15,0,0,20190303
201903,2호선,홍대입구,1784,27,39082,5801,37965,20678,75750,39678,96906,125509,78092,153876,73339,119903,80203,134650,92780,163691,106878,188898,114082,184427,137502,190317,169079,204699,201259,239014,239313,292887,200101,244406,193170,142504,234551,112328,254987,92110,142789,68641,16735,23616,29,2272,0,0,0,0,20190403
201903,경의선,홍대입구,10,0,521,80,983,581,1408,2244,2024,5876,1671,5653,1595,3891,1499,3798,1977,4871,2310,5124,2769,5282,3366,5246,3986,5299,5271,6534,7063,7683,5286,5450,5001,3222,5900,2787,6778,1959,3484,1715,262,371,0,0,0,0,0,0,20190403
201903,공항철도 1호선,홍대입구,223,16,5079,599,6099,3219,12058,8856,15285,22832,14855,22333,15898,17859,16432,19081,16216,23712,17183,24435,17640,24653,20204,24420,24682,26039,29781,30674,36547,39041,29463,30347,25586,19077,30645,15917,31163,13991,14882,12075,1498,3318,1,1,0,0,0,0,20190403
201904,2호선,홍대입구,1635,19,34296,5713,37323,22096,79929,44587,104142,133604,84569,154427,77581,114293,83677,118712,92841,139475,103287,161121,108086,156031,125888,161286,149448,176958,179182,209593,216042,277471,175894,238686,168702,141643,207082,114742,229620,94895,129629,67760,17353,23661,6,2664,0,0,0,0,20190503
201904,경의선,홍대입구,15,0,583,83,1011,722,1610,2476,2333,6279,1921,5988,1833,3935,1502,3393,1864,4739,2236,4311,2431,4339,3217,4513,3831,4395,4668,5852,6638,7050,4901,5653,4729,3422,6083,2809,6595,1927,3437,1761,232,389,0,1,0,0,0,0,20190503
201904,경의선,홍대입구,0,0,0,0,0,0,0,0,0,0,0,0,0,0,0,0,0,0,0,0,0,0,0,0,0,0,0,0,0,0,0,0,0,0,1,0,0,0,0,0,0,0,0,0,0,0,0,0,20190503
201904,공항철도 1호선,홍대입구,223,12,5433,559,7155,3581,13523,9450,16572,24520,16632,23393,17018,17430,16662,17391,15961,21829,16494,22077,16756,21213,19614,21627,22636,23099,27611,28185,34441,37492,27739,30906,24193,19043,29874,16519,30312,15035,14738,12616,1435,3358,0,0,0,0,0,0,20190503
201905,2호선,홍대입구,1871,33,44475,5673,40280,22442,78629,45674,101687,130256,81620,153500,73761,122209,80197,131336,93899,161837,107246,185579,117101,182277,140073,185990,166446,200425,199988,236176,236208,303533,190702,248386,189315,150351,229096,119146,255841,101659,151504,74197,20319,28121,7,3227,0,0,0,0,20190603
201905,경의선,홍대입구,31,0,764,153,1008,791,1675,2599,2275,6343,1681,6534,1799,4399,1550,4020,2079,5318,2450,5360,3146,5238,4028,5399,4410,5475,5661,6674,7513,8066,5858,6125,5625,3895,7031,3165,8127,2364,4176,2175,299,533,0,0,0,0,0,0,20190603
201905,공항철도 1호선,홍대입구,216,4,5557,608,7131,3580,13257,9478,16182,24419,15414,23846,16414,18210,16383,19028,16473,24114,17278,24312,18844,24235,20962,23956,24744,25593,30103,30705,36928,40705,30413,32022,27907,19561,34559,16519,35445,14491,18306,12811,1687,3446,0,0,0,0,0,0,20190603
201906,2호선,홍대입구,1806,12,44030,5584,40374,21144,71759,41126,91653,112284,75432,127280,71586,109357,78088,126350,90555,155832,101819,179602,110719,174696,129128,176429,152480,189955,177190,216353,210747,264396,171702,219486,173031,137261,210948,112445,234750,93949,133689,72675,15733,25837,6,2963,1,0,0,0,20190703
201906,경의선,홍대입구,9,6,731,125,1023,698,1428,2263,2035,5255,1639,4653,1528,3619,1478,3626,1923,5237,2339,4803,2664,4931,3000,4906,3816,5080,4866,5884,6570,7012,5046,5406,5058,3481,6332,2978,7157,2269,3704,2032,250,491,0,0,0,0,0,0,20190703
201906,공항철도 1호선,홍대입구,297,9,5850,511,6939,3243,11893,8814,14906,21398,14450,20359,15793,17033,16283,18268,16295,23829,16842,24081,17953,23476,20355,24053,23749,24714,27943,29231,34794,37524,28481,29326,26651,19041,32348,16341,33809,14824,17418,12584,1714,3490,1,1,0,0,0,0,20190703
201907,2호선,홍대입구,1370,23,39096,5183,38256,21556,77737,42666,100819,125972,75528,134195,69884,109816,78554,129303,89856,162890,101445,185864,108837,183735,128753,181023,155212,192197,187587,220721,229662,291415,182032,232610,180538,136004,222781,109355,245437,91871,134257,68955,18145,24462,11,2942,0,0,0,0,20190803
201907,경의선,홍대입구,0,0,0,0,0,0,0,0,0,0,0,0,0,0,0,0,0,0,0,0,0,0,0,0,0,0,0,0,0,0,0,0,0,0,0,0,0,0,1,0,0,0,0,0,0,0,0,0,20190803
201907,경의선,홍대입구,16,1,754,104,951,752,1517,2492,2088,5849,1585,4531,1601,3372,1446,3488,1920,5728,2136,4765,2416,5363,2837,4888,3610,4860,5088,5970,7113,7490,5238,5946,5442,3333,6712,2956,8067,2161,3498,1792,206,401,0,0,0,0,0,0,20190803
201907,공항철도 1호선,홍대입구,245,14,5719,611,6501,3512,12192,9018,16338,24342,14605,21755,15014,16562,16513,17840,16651,23757,16890,23457,17012,23556,19693,23427,24169,24696,29369,29568,36516,40065,28255,30741,27036,18297,33674,16362,35106,13908,17370,11760,1795,3304,0,0,0,0,0,0,20190803
201908,2호선,홍대입구,1199,13,40100,4693,38697,21144,70442,39977,91461,113751,73397,126524,69601,112448,79682,138324,91893,173741,104754,192024,113733,190178,134293,188715,161815,199524,192948,230042,228497,291352,188910,238336,187169,143260,226747,114631,251163,94989,137530,71615,17858,25508,9,3072,0,0,0,0,20190903
201908,경의선,홍대입구,5,1,681,107,915,687,1367,2153,1969,5256,1526,4189,1492,3504,1590,3735,1816,6070,2127,4998,2402,5383,2854,5041,3561,5034,5024,6279,7069,7631,5479,6016,5333,3399,6589,3255,8187,2264,3541,1979,210,528,0,0,0,0,0,0,20190903
201908,경의선,홍대입구,0,0,0,0,0,0,0,0,0,0,0,0,0,0,0,0,0,0,0,0,0,0,0,0,0,0,0,0,1,0,1,0,0,0,0,0,0,0,0,0,0,0,0,0,0,0,0,0,20190903
201908,공항철도 1호선,홍대입구,227,13,5672,552,6585,3164,10997,8167,15389,22014,14962,20614,16604,16996,17603,19309,17353,25817,17728,24772,18502,24936,20950,24736,24746,25990,29839,31084,36001,40077,29937,32002,27469,19362,32969,16204,35461,14879,18142,12311,1865,4038,0,0,0,0,0,0,20190903
201909,2호선,홍대입구,1275,13,35314,4307,35845,18850,69312,39126,88267,111137,70819,136081,66026,104438,73168,116573,83843,140584,94964,161306,103541,156991,121086,162260,145638,174022,173862,205399,206296,259995,169239,212875,161569,127002,192063,99681,207614,83399,113391,62756,15133,22692,248,2742,0,41,0,0,20191003
201909,경의선,홍대입구,3,1,589,114,1018,771,1477,2103,1709,5836,1573,5830,1551,3826,1450,3647,1811,5009,2253,4602,2561,4881,3083,4689,3665,4542,5237,5760,7087,7158,5272,5465,5100,3336,6289,2568,7202,2099,3332,1786,225,460,3,11,0,0,0,0,20191003
201909,공항철도 1호선,홍대입구,241,10,5217,469,6695,3162,11623,8298,14665,21398,14128,22011,14370,16126,15768,17308,15785,21992,16441,22297,16339,21850,19432,22264,22830,23671,27428,27729,33868,37280,27834,29259,25479,17400,29658,14836,30089,12897,15625,10627,1501,3089,14,32,0,0,0,0,20191003
201910,2호선,홍대입구,1564,38,36291,4917,37683,23442,76205,43419,101048,124361,84294,156145,80023,120192,85752,132494,96018,161447,109425,182239,119334,181102,141341,179915,168470,190859,196206,226147,233452,292828,189027,244036,182212,144964,214800,118676,232716,99973,130628,73015,16977,25432,9,2764,0,0,0,0,20191103
201910,경의선,홍대입구,22,4,630,124,1050,807,1576,2463,2150,6827,1883,6915,1819,4726,1675,4361,2241,5966,2648,5415,3388,5929,3812,5446,4680,5387,6171,6513,8084,8161,5984,5957,5873,3638,7330,3330,7777,2251,3796,2072,261,511,0,0,0,0,0,0,20191103
201910,공항철도 1호선,홍대입구,316,12,6058,553,7496,3622,13003,9585,18028,24711,18175,25797,18590,19746,18224,21112,18015,26381,18982,26666,19912,25588,23244,25709,27703,26281,32686,32335,39676,42610,31012,33155,28853,20663,34059,18174,34334,16020,17838,13558,1790,3686,0,0,0,0,0,0,20191103
201911,2호선,홍대입구,1582,36,35891,4568,36008,21629,72030,40565,97368,118437,80646,148705,73623,111348,79907,123938,90845,149121,102305,170466,109392,169797,129243,173294,157899,188152,191462,227589,221209,289352,175936,239531,171684,136519,208864,107271,232954,90199,131475,67290,17820,23123,14,2424,0,0,0,0,20191203
201911,경의선,홍대입구,11,0,609,99,968,677,1684,2014,2041,6611,1694,6229,1614,4155,1624,3906,2014,5411,2419,4977,2662,5353,3268,5133,4218,5307,5574,6207,7379,8189,5497,5898,5408,3255,6541,2803,7642,2066,3587,1782,274,392,0,0,0,0,0,0,20191203
201911,공항철도 1호선,홍대입구,249,12,5444,571,6705,3395,11922,8790,17068,23298,15575,24339,16311,18471,16682,18531,16898,23636,17327,24244,18270,24277,21083,24217,25303,25248,31192,31580,36964,42206,28374,32365,26108,18891,31223,16038,32880,14010,16805,11956,1664,3527,0,0,0,0,0,0,20191203
201912,2호선,홍대입구,1721,41,40987,4327,37173,22288,70091,39702,90857,117817,75332,143155,74223,118284,88224,142971,98299,178713,110934,203956,122008,201760,146438,201900,177999,216787,211593,250863,237558,305922,198816,248519,194761,145570,234798,115587,264502,96495,149726,72458,20799,28023,578,5544,5,155,0,0,20200103
201912,경의선,홍대입구,10,1,499,80,931,701,1479,1954,1930,7023,1592,6098,1597,4183,1760,4486,2148,6588,2545,5904,3058,6642,3825,5995,4866,6102,6225,7100,7560,8200,5697,6245,5455,3448,6934,2894,8662,2240,3728,1906,257,465,0,0,0,0,0,0,20200103
201912,공항철도 1호선,홍대입구,228,9,5318,508,6749,3653,11237,8172,16039,23534,14785,23395,17062,18672,18110,21073,18629,27855,19735,28231,20868,27794,23532,27878,28040,29356,34631,34679,38590,44085,30549,34057,28328,19962,33259,16767,35015,14876,18209,12543,1774,3824,1,0,0,0,0,0,20200103
202001,2호선,홍대입구,1718,28,38358,3941,35718,18815,66585,34086,85423,106984,67037,124852,63633,96961,74564,121480,83645,157846,95789,181473,102168,176360,122233,179626,147929,189366,180622,211847,215475,265759,176544,215161,170048,123185,206236,97238,226198,78303,125826,58673,16246,21334,235,2123,0,23,0,0,20200203
202001,경의선,홍대입구,0,0,0,0,0,0,0,0,0,0,0,0,0,0,0,0,0,0,0,0,0,0,0,0,1,0,0,0,0,0,0,0,1,0,0,0,0,0,0,0,0,0,0,0,0,0,0,0,20200203
202001,경의선,홍대입구,8,0,461,103,927,675,1304,1730,1913,5864,1453,4782,1335,3372,1511,3972,1923,5807,2363,5262,2705,5343,3059,5086,3895,5136,5137,5706,6667,7314,5444,5318,4902,3217,5919,2685,7069,1969,3212,1580,212,360,0,3,0,0,0,0,20200203
202001,공항철도 1호선,홍대입구,233,7,4988,491,5910,3313,10420,7668,14259,21262,13202,20636,14291,15863,16158,17640,16540,24327,16820,24684,17523,24186,20277,24223,24655,24949,30077,29100,35354,37824,27850,29790,25112,17293,28877,14523,30243,12906,14939,10802,1490,3150,8,36,0,0,0,0,20200203
202002,2호선,홍대입구,980,18,25734,3378,27864,15984,58138,30969,75109,98630,54785,110413,47760,78730,54591,89664,61338,111106,72407,131154,74365,129929,88493,127797,105030,134140,132331,153610,172515,200053,137201,162230,127442,88871,152149,68800,161202,54961,92055,41226,11447,14773,3,1898,1,0,0,0,20200303
202002,경의선,홍대입구,5,0,362,79,667,611,1201,1512,1595,4920,1164,3717,926,2747,1071,2488,1582,3853,1618,3665,1953,3523,2166,3628,2673,3346,3898,4185,5908,5264,4129,4068,3645,2143,4221,1746,4755,1343,2464,1188,146,311,0,0,0,0,0,0,20200303
202002,공항철도 1호선,홍대입구,105,6,3488,388,4401,2553,8382,5959,12206,19150,9518,17878,9753,13466,11790,13680,12148,17911,12573,18643,12615,18322,14655,18259,17852,18695,22366,21974,28996,29730,22389,22773,19451,12284,22131,9938,21759,8725,11240,7178,1105,1956,0,0,0,0,0,0,20200303
202003,2호선,홍대입구,604,6,16697,3310,21770,13922,49164,26334,60410,84930,39210,90813,25677,54722,28418,53434,33500,68682,40942,82641,44620,84651,52083,83030,67013,87020,92833,102689,128536,143783,101692,107700,92977,57023,107180,40292,107479,32533,60184,23794,8141,9264,3,1414,0,0,0,0,20200403
202003,경의선,홍대입구,0,0,0,0,0,0,0,0,0,0,0,0,0,0,0,0,0,0,0,0,0,0,0,0,0,0,0,0,0,0,0,0,0,0,1,0,0,0,0,0,0,0,0,0,0,0,0,0,20200403
202003,경의선,홍대입구,7,0,325,64,585,517,1125,1559,1130,4258,897,3395,636,1718,734,1902,913,2401,1106,2555,1491,2713,1585,2421,2039,2717,3175,3274,4907,3663,3529,2970,2882,1369,3391,1249,3933,821,1785,758,114,220,0,0,0,0,0,0,20200403
202003,공항철도 1호선,홍대입구,65,3,2020,418,2754,2104,6280,5379,8081,15940,5308,15076,3724,9319,4449,8571,5500,11581,6373,12238,6808,12574,8398,11629,10921,11912,16037,14510,21775,20344,17151,15009,15203,7201,16746,5260,16048,4165,8036,3118,788,981,0,0,0,0,0,0,20200403
202004,2호선,홍대입구,599,10,17600,3166,22474,13362,49997,26478,62154,84351,40491,91912,27767,58383,30973,61661,36549,78726,47070,96665,49777,96526,58975,94892,75296,98662,101884,117474,135624,159759,110728,121241,105798,62483,122764,45234,128802,36642,59054,28864,298,6070,0,2,0,0,0,0,20200503
202004,경의선,홍대입구,9,0,348,74,680,553,1168,1623,1253,4371,925,3343,753,2006,778,2223,1057,2675,1286,2960,1547,3244,1659,2643,2339,3049,3526,3798,5116,4264,3865,3239,3333,1571,3849,1352,4729,1066,2136,884,138,296,0,0,0,0,0,0,20200503
202004,공항철도 1호선,홍대입구,69,3,1916,320,2774,2136,6486,5406,8359,16257,5247,15753,3933,9913,4628,9823,5757,13474,7085,14644,7823,14392,9426,13297,12288,13464,17901,17022,23163,22821,18467,16816,17638,7839,19635,5923,20093,4617,8786,3475,601,1009,0,0,0,0,0,0,20200503
202005,2호선,홍대입구,519,4,16849,3488,22025,13883,50721,26951,64827,83691,42626,93331,32047,63111,36270,66955,43023,82004,53619,95520,55578,94506,65319,92867,80429,95320,103125,111782,136389,144910,105253,108153,98462,60401,113108,45802,114627,37573,46763,29981,232,4952,0,0,0,0,0,0,20200603
202005,경의선,홍대입구,2,0,342,77,660,617,1215,1701,1362,4859,975,3649,875,2258,931,2496,1348,2902,1628,3264,1734,3257,1905,2932,2579,3299,3675,3886,5474,4119,3923,3114,3548,1771,3832,1471,4806,1079,1830,995,122,304,0,0,0,0,0,0,20200603
202005,공항철도 1호선,홍대입구,63,3,2273,399,2949,2382,6669,5528,9097,17028,5705,16175,4573,10698,5564,10795,7003,14584,8433,14857,8626,14673,10490,13670,13378,13659,18713,17097,23739,22048,18403,15727,17296,8171,19730,6513,19958,5407,8159,3965,575,1148,0,0,0,0,0,0,20200603
202006,2호선,홍대입구,488,4,15829,3808,23002,15246,58623,32475,71898,96304,45819,105221,33203,66506,37923,67354,44340,79107,53283,93364,55790,88778,65500,89966,81695,93607,105296,114935,141135,160272,105841,117590,98092,61013,116964,45558,118797,38481,48460,30016,253,5252,0,0,0,0,0,0,20200703
202006,경의선,홍대입구,0,0,0,0,0,0,0,0,0,0,0,0,0,0,0,0,0,0,0,0,0,0,0,0,0,0,0,0,1,0,0,0,0,0,0,0,0,0,0,0,0,0,0,0,0,0,0,0,20200703
202006,경의선,홍대입구,3,0,391,78,687,725,1411,2012,1459,5362,1072,4301,974,2324,995,2632,1308,2633,1537,2930,1679,2876,1871,2628,2408,3102,3666,3750,5811,4626,3744,3410,3516,1625,4237,1532,4839,1079,2103,1009,148,389,0,0,0,0,0,0,20200703
202006,공항철도 1호선,홍대입구,106,0,2444,395,3526,2668,7709,6828,10282,19565,6164,17921,4613,10905,5571,10370,7029,13460,8169,14271,8443,13604,10296,13298,13057,13452,18659,17512,25176,24692,18257,18121,17417,8402,21047,6879,20983,5490,9014,4169,665,1211,0,0,0,0,0,0,20200703
202007,2호선,홍대입구,534,13,19523,4118,25713,16185,62509,32173,76437,100236,48646,109670,35902,72593,41876,80251,49550,100242,60380,115766,62712,111972,75129,115207,97054,119184,124156,145500,161305,195940,121127,142666,117844,71239,145640,53950,158117,45389,67167,36000,397,6414,1,1,1,2,0,0,20200803
202007,경의선,홍대입구,13,0,490,57,668,694,1461,2082,1688,5492,1139,4448,990,2413,1117,2748,1357,3259,1646,3651,1886,3571,2053,3466,2791,3863,4256,4795,6363,5535,4128,4005,3908,2044,4987,1706,6110,1346,2596,1172,210,507,0,0,0,0,0,0,20200803
202007,공항철도 1호선,홍대입구,117,6,2788,452,3783,2981,8388,6830,11191,20204,6939,18414,5230,12602,6602,13079,7875,17119,9698,18666,10101,17444,12412,17814,16065,17425,21992,22042,28934,31226,21371,21085,20753,9590,25987,7732,27369,6563,12297,4707,884,1426,2,2,0,0,0,0,20200803
202008,2호선,홍대입구,594,12,16863,3577,22529,14345,51958,27470,62817,85059,42309,93414,31623,64700,38476,71394,47361,89933,54157,101504,56571,97285,65830,96062,81152,96569,105280,113837,135122,150617,106094,110891,97494,58493,113933,43014,118492,36618,48193,27264,244,4434,4,4,0,0,0,0,20200903
202008,경의선,홍대입구,17,0,352,71,607,629,1196,1644,1455,4736,1065,3507,964,2405,1023,2554,1214,3316,1454,3293,1661,3209,1822,2795,2375,3280,3577,3681,5398,4209,3555,3010,3300,1592,3923,1413,5083,1019,1894,882,134,323,0,0,0,0,0,0,20200903
202008,공항철도 1호선,홍대입구,83,2,2449,356,3576,2541,7038,5631,9445,16581,6165,15446,5341,11465,6508,12106,8200,15566,9037,16739,9482,14873,11152,14800,13608,14599,18253,17150,24632,23265,18626,15863,16629,8027,18975,6327,20416,5306,8381,3947,627,1142,1,1,0,0,0,0,20200903
202009,2호선,홍대입구,462,5,12454,3511,19130,13288,50156,27436,60030,80229,39289,85427,27787,52760,30761,52602,37688,64507,43624,74152,46739,74031,54655,76515,67855,79795,90430,95012,116984,130160,88729,91671,84044,47742,94386,37372,76432,27354,29005,19921,189,3055,0,0,0,0,0,0,20201003
202009,경의선,홍대입구,8,1,299,46,548,549,1092,1645,1316,4713,923,3254,829,2095,823,2086,1042,2151,1344,2408,1518,2561,1718,2421,2219,2674,3443,2913,5158,3620,3298,2726,3052,1353,3483,1306,3326,845,1377,733,82,267,0,0,0,0,0,0,20201003
202009,공항철도 1호선,홍대입구,81,5,2137,380,3267,2506,6571,5738,8509,16466,5811,14096,4237,9630,4912,9328,6380,11640,7233,12131,7794,12003,9439,12114,11733,12004,16268,14465,22374,20197,16511,13433,15718,6797,16977,5926,14897,4302,6018,2959,395,855,0,0,0,0,0,0,20201003
202010,2호선,홍대입구,624,12,17977,3382,22805,13978,54503,28616,67545,87707,44983,95808,33557,65626,39103,72168,47599,96346,58846,110070,60472,107339,72286,109633,91454,112505,118595,137036,150985,179876,114767,133382,108287,69202,127677,51446,132980,42663,56375,32697,464,5993,46,27,0,7,0,0,20201103
202010,경의선,홍대입구,6,0,366,40,704,645,1321,1885,1431,5444,1078,4064,1085,2807,1068,3026,1368,3427,1716,3691,1908,3638,2308,3494,2897,3822,4270,4348,6153,5289,4270,3683,3771,1936,4621,1803,5536,1264,2376,1097,151,347,0,0,0,0,0,0,20201103
202010,공항철도 1호선,홍대입구,101,5,2468,311,3395,2714,7388,5756,9823,18051,6824,16971,5290,11737,6402,13552,7892,16504,9099,18937,10370,16778,12601,17420,16161,17996,21558,20570,27422,28218,21103,19174,19515,8949,22516,7316,24102,6360,10411,4588,803,1329,1,4,0,0,0,0,20201103
202011,2호선,홍대입구,618,9,17254,3162,22653,14566,56956,29922,72836,90173,47411,101850,33911,66983,39825,69309,48766,85433,57657,100170,58753,98868,70831,100685,89829,106207,118185,131039,145323,177624,108975,126297,104731,62786,126317,48629,118447,38103,47948,28054,276,4904,3,2,1,0,0,0,20201203
202011,경의선,홍대입구,20,1,291,51,735,597,1337,1892,1557,5472,1183,3767,1017,2594,1043,2755,1361,2935,1682,3231,1845,3324,2101,2917,2757,3709,4326,4212,5699,4990,3751,3475,3495,1741,4373,1644,4131,1125,1810,923,133,319,0,1,0,0,0,0,20201203
202011,공항철도 1호선,홍대입구,91,2,2363,361,3373,2940,7596,6114,10668,18519,7233,18006,5428,11753,6383,12316,8071,14565,9418,17112,10043,14837,12374,15910,15413,16779,21173,19594,26441,28025,20064,18287,18740,8280,21636,6938,19789,5911,8564,4291,639,1181,3,3,0,0,0,0,20201203
202012,2호선,홍대입구,242,6,8603,2802,16448,12777,46240,26719,60611,78141,38487,83472,27851,53849,33022,49625,40078,56374,44282,64400,48388,66619,55426,66860,67091,71016,85749,79880,104815,106091,77834,70017,80522,36610,87617,34471,27062,17761,7627,9418,47,951,0,0,2,2,0,0,20210103
202012,경의선,홍대입구,11,0,133,53,551,528,1030,1914,1321,4852,844,3325,866,1963,918,1807,1135,1940,1301,2111,1587,2181,1736,2011,2156,2360,3268,2212,4267,2783,2770,1953,2632,939,4364,1198,1085,616,364,440,5,41,0,0,0,0,0,0,20210103
202012,공항철도 1호선,홍대입구,65,2,1594,299,2737,2536,6381,5411,8786,16100,5782,14662,4519,9544,5273,8352,6464,9224,7308,10324,7898,9739,9381,10238,11309,10903,15054,12011,19398,16559,14040,10443,13501,5497,15352,5873,5183,3644,1902,2166,104,482,2,2,0,0,0,0,20210103
202101,2호선,홍대입구,193,1,7898,2533,15819,11408,44933,24093,58939,76180,37703,83069,26844,56525,32137,57859,38936,70058,45124,80111,49711,81817,59251,82335,72798,84489,93608,92080,116151,113734,89920,71848,108824,37811,129324,39748,28431,19074,7670,9310,58,1312,0,0,0,0,0,0,20210203
202101,경의선,홍대입구,3,0,118,43,448,442,1050,1775,1197,4844,864,2989,796,2076,884,2106,1073,2454,1312,2525,1567,2482,1728,2265,2286,2751,3295,2176,4519,2921,2863,2098,3193,992,5465,1330,1212,667,422,394,3,44,0,0,0,0,0,0,20210203
202101,공항철도 1호선,홍대입구,42,2,1576,309,2549,2360,6434,5322,8596,15965,5543,13959,4539,9752,5157,10032,6707,11571,7532,12862,8384,12314,10340,12314,12835,12734,16882,13798,20869,17558,15639,11032,17807,5904,22173,6676,5642,3979,2034,2198,119,475,0,0,0,0,0,0,20210203
202102,2호선,홍대입구,179,3,7746,2199,14946,10266,42211,21853,55953,71274,36604,80753,27484,59046,33753,72007,41480,94681,49012,108001,55369,107118,68385,109145,87155,108865,109373,114214,132929,131773,106959,83946,121604,40328,156874,38370,85050,27251,12217,12973,70,1535,0,0,0,0,0,0,20210303
202102,경의선,홍대입구,2,0,177,56,418,447,959,1319,1359,4179,925,2779,879,2183,837,2414,1230,3064,1404,3149,1753,3423,1959,2992,2755,3461,3726,2850,4775,3663,3373,2513,3469,1167,4921,1399,2579,965,560,470,3,66,0,0,0,0,0,0,20210303
202102,공항철도 1호선,홍대입구,66,5,1491,279,2792,2254,6107,4793,8150,14860,5947,13678,4798,10389,5601,12885,7420,15716,8690,18043,9972,16087,12535,16562,15993,16776,20530,16961,24487,20705,19095,12661,20750,6097,26860,6412,14030,5181,2701,2740,132,582,0,0,0,0,0,0,20210303
202103,2호선,홍대입구,195,6,9869,2770,19841,12895,56626,31830,72192,93954,45502,101475,32910,68695,38587,76712,47405,97191,57020,109543,61714,107418,74426,109302,95728,118438,121392,143062,152504,180663,118606,116960,115505,52896,162356,39535,163115,42898,19565,19349,75,2299,0,0,0,0,0,0,20210403
202103,경의선,홍대입구,0,0,280,94,516,575,1438,2168,1730,5721,1112,3712,964,2741,1070,2424,1434,3184,1624,3299,2007,3415,2247,3159,2999,3884,4527,3913,5806,4875,3889,3433,3597,1482,4910,1527,5283,1509,926,719,8,82,0,0,0,0,0,0,20210403
202103,공항철도 1호선,홍대입구,92,7,2072,363,3432,2869,8408,6909,10417,19631,7079,18465,5359,12416,6217,13613,8163,16685,9873,18666,10826,16500,13549,17025,17779,18261,22445,21028,28803,28553,22010,16888,20664,7541,27805,6741,27279,7212,4540,3792,174,761,0,0,0,0,0,0,20210403
202104,2호선,홍대입구,231,3,10276,2834,20110,13400,57032,33855,73116,95058,45709,101760,33555,67649,38062,72394,47253,90740,56454,101962,59631,99572,70667,100412,90563,107648,114981,132990,146843,176653,111473,114518,106450,51829,149997,38117,154158,42689,19950,21089,112,1937,0,0,0,0,0,0,20210503
202104,경의선,홍대입구,3,1,274,98,570,671,1339,2308,1706,5554,1206,3669,860,2569,1050,2280,1381,3033,1697,3182,2062,3413,2109,2907,2853,3813,4300,3822,5545,5054,3655,3494,3463,1471,4852,1508,5265,1597,1021,723,10,79,0,0,0,0,0,0,20210503
202104,공항철도 1호선,홍대입구,86,1,2192,333,3398,2634,8484,6562,10607,20349,6829,18985,5667,12956,6277,13349,8383,16288,9830,17986,11181,15868,13657,16273,16745,17940,22560,20726,28110,28676,21660,17368,20466,7848,27370,6825,27500,7760,5085,3918,219,814,0,0,0,0,0,0,20210503
202105,2호선,홍대입구,268,9,10570,2936,19246,13599,50715,31709,66932,85955,44676,96648,33539,73298,39491,88327,50629,113679,61142,126296,67798,123664,82667,122365,105061,127500,129854,147098,154296,177220,125590,112402,125220,53948,174251,40419,176931,44595,24121,21100,101,2276,0,0,0,0,0,0,20210603
202105,경의선,홍대입구,1,0,295,119,591,626,1315,2002,1596,5306,1161,3589,1048,2877,1057,2863,1548,4008,1858,4193,2383,4453,2504,3785,3323,4664,4759,4438,5999,5530,4278,3654,4001,1794,5393,1602,6104,1765,1093,830,13,100,0,0,0,0,0,0,20210603
202105,공항철도 1호선,홍대입구,91,2,2312,367,3538,2510,7801,6041,10091,18646,6973,17899,6056,14760,7078,17531,9412,21269,11681,23831,13687,20841,16558,21397,20482,22068,25444,23568,30716,28994,24794,17880,23883,8201,31465,7124,31392,8110,5521,4067,242,912,0,0,0,0,0,0,20210603
202106,2호선,홍대입구,258,10,11271,2975,20930,14080,56687,34231,74842,96590,46502,105606,34996,74012,40033,82452,50771,103474,59356,113715,64308,109893,79136,112375,98663,120598,121883,143318,152578,181911,116775,115297,116231,53077,167876,39418,168232,44748,25242,22255,124,2378,0,0,0,0,0,0,20210703
202106,경의선,홍대입구,3,0,345,107,627,769,1336,2159,1679,5847,1268,3936,1026,2738,1072,2746,1450,3588,1760,3571,2163,3785,2405,3318,3059,4158,4507,4163,6050,5316,4097,3600,3778,1576,5378,1431,6023,1664,1281,804,16,64,0,0,0,0,0,0,20210703
202106,공항철도 1호선,홍대입구,115,7,2363,340,3893,2733,8714,6593,11183,21271,7354,19327,5902,14429,6682,16126,9147,19216,10588,21021,12284,18111,15175,18539,18247,20272,23889,22078,29968,30320,22921,18268,22817,7917,31244,6887,31030,7986,6597,4273,306,986,0,0,0,0,0,0,20210703
202107,2호선,홍대입구,215,6,10092,3044,19556,13652,52333,29156,66634,87785,42382,95365,31191,64149,35469,67399,44406,81187,51889,86444,54359,82153,64786,82207,79023,83813,105106,97059,133286,131645,94954,85812,86088,43003,110943,32879,93848,32797,12856,15843,78,1668,1,1,0,0,0,0,20210803
202107,경의선,홍대입구,0,0,261,112,580,712,1256,2035,1480,5239,1110,3625,913,2204,953,2117,1235,2787,1512,2703,1703,2660,1783,2286,2464,2821,3881,2874,5411,3866,3303,2785,2795,1295,3766,1218,4013,1212,783,518,7,59,0,0,0,0,0,0,20210803
202107,공항철도 1호선,홍대입구,84,2,2255,403,3607,2743,7930,5899,9926,19464,6709,18172,5184,12690,6312,13194,7806,15403,9502,15797,10484,13381,12186,13661,14361,14227,20096,16025,25883,22084,18838,14039,16821,6727,20692,5888,18891,6285,3494,3356,144,634,0,1,0,0,0,0,20210803
202108,2호선,홍대입구,178,6,9564,2733,17628,12755,47758,28011,61404,80466,40498,91605,30105,66092,35379,77564,44868,99917,51960,102479,56993,97031,69241,92354,86259,91421,117422,101545,147714,131248,106107,83198,104619,41114,125516,32325,83053,27180,11607,13219,58,1189,1,1,0,0,0,0,20210903
202108,경의선,홍대입구,2,1,232,129,586,553,1034,1814,1327,5018,1081,3316,900,2540,998,2427,1295,3255,1437,3623,1898,3286,2039,2954,2698,3366,4348,3339,5969,4000,3713,2789,3402,1260,4409,1448,3815,1048,703,480,13,53,0,0,0,0,0,0,20210903
202108,공항철도 1호선,홍대입구,103,3,2195,336,3385,2722,7337,5277,9574,18467,6429,17517,5306,13099,6439,15589,8090,18680,10033,19542,11407,16116,13468,15742,16126,15662,22736,17264,28863,22053,21223,13779,20463,6540,23057,6018,16272,5562,3053,2965,140,628,0,0,0,0,0,0,20210903
202109,2호선,홍대입구,213,7,9411,2511,17455,12857,46466,28448,59686,79142,39853,88341,29989,64676,35118,76531,43893,97979,51947,104356,58203,99656,70624,100343,89863,102571,114314,117196,141592,140050,109017,89012,107716,43260,131820,34137,104336,31029,15185,15191,62,1652,1,2,0,0,0,0,20211003
202109,경의선,홍대입구,4,0,235,107,602,521,1148,1672,1389,4874,1099,3376,947,2756,998,2420,1305,3378,1569,3482,1960,3273,2089,2921,2820,3576,4331,3502,5753,4315,4007,2834,3529,1508,4535,1455,4475,1236,897,627,17,67,0,0,0,0,0,0,20211003
202109,공항철도 1호선,홍대입구,122,7,2229,254,3208,2524,7443,5409,9154,18355,6240,16848,5402,13272,6213,15044,8151,18554,10000,19828,11249,16626,13736,16645,16824,17423,22695,18917,28406,23341,22121,14269,20692,6691,24532,6157,20120,5878,3662,3256,148,704,0,0,0,0,0,0,20211003
202110,2호선,홍대입구,264,6,10513,2881,18994,13896,49691,30072,64809,85688,44399,96654,34248,71630,40265,87124,51007,112173,61246,119778,66805,117289,81118,116283,101917,119865,130181,140897,158637,168429,119904,104778,115564,50967,152240,37308,157307,40795,21683,19725,123,2295,0,0,0,0,0,0,20211103
202110,경의선,홍대입구,4,1,195,95,514,485,1166,1804,1485,5437,1130,3558,1099,3060,1033,2985,1508,4056,1890,4125,2137,3817,2534,3742,3289,4407,4824,4135,6182,5161,4246,3512,3818,1620,4896,1610,5595,1517,1037,785,17,88,0,0,0,0,0,0,20211103
202110,공항철도 1호선,홍대입구,131,2,2294,236,3598,2502,7904,5721,10195,19367,6765,18835,6130,14736,7037,17873,9238,21117,11388,22503,13328,19451,16261,19479,20075,20403,26207,22151,31496,28030,24280,16785,22558,7866,27552,6881,28152,7488,4467,3969,237,833,1,2,0,0,0,0,20211103
202111,2호선,홍대입구,597,15,17654,3166,23316,14230,58051,33317,76468,96811,48418,108607,35906,73825,41566,83323,51284,103910,60282,114963,66003,112328,79806,114071,101706,124469,133902,152072,162353,200044,121666,132392,115832,66214,141172,49141,147182,41643,61011,30132,496,6611,2,1,0,0,0,0,20211203
202111,경의선,홍대입구,5,1,239,114,619,556,1405,1825,1667,6179,1198,3896,1056,3148,1061,2859,1519,3552,1827,3835,2061,4105,2467,3697,3218,4429,5050,4461,5963,5941,4192,3798,3722,1815,4631,1774,4856,1414,2014,1024,50,162,0,0,0,0,0,0,20211203
202111,공항철도 1호선,홍대입구,136,2,2661,268,3921,2550,8812,6375,11729,21744,7737,20505,6408,15623,7418,16834,9515,19972,11085,21423,12783,19020,16149,18857,19626,20403,26728,24426,31553,33374,24220,20268,22268,8823,26022,7420,25677,7017,10464,4912,743,1321,2,2,0,0,0,0,20211203
202112,2호선,홍대입구,404,13,13308,2912,20697,13805,55295,33292,72226,99073,46375,109087,35300,75245,43361,88158,54068,111465,63353,123082,71754,122840,88655,125135,111270,129759,140560,150298,165930,183073,128063,115007,142561,56861,186155,51687,108336,35568,34231,23049,251,3673,0,1,0,0,0,0,20220103
202112,경의선,홍대입구,2,0,252,147,570,476,1323,1770,1695,6553,1130,4334,1090,3146,1271,3105,1582,3914,1940,4195,2290,4291,2713,3855,3420,4666,5115,4405,5948,5015,3986,3296,4050,1646,5572,1965,4266,1251,1265,803,17,110,0,0,0,0,0,0,20220103
202112,공항철도 1호선,홍대입구,120,4,2362,237,3706,2509,8642,6209,11331,21506,7439,21252,6308,15380,7601,17431,10139,21190,11960,22459,13376,20179,16729,20306,20904,21984,27152,23923,31419,31000,24333,18223,26087,8144,31901,8348,19367,6466,6553,3934,453,939,0,0,0,0,0,0,20220103
202201,2호선,홍대입구,230,9,9118,2880,17546,12737,49820,27687,65659,89782,43693,101041,32679,71709,40385,89795,50525,118046,59776,132087,68272,130473,84500,135554,106464,138069,136597,144362,160136,158718,127060,90493,176924,44185,246539,53704,69115,28292,12137,13456,56,1446,0,1,0,0,0,0,20220203
202201,경의선,홍대입구,1,0,168,73,520,463,1258,1471,1652,5588,1050,3870,1018,3103,1099,3117,1504,4328,1748,4379,2214,4481,2718,3986,3303,4481,5046,4014,5862,4676,3963,2836,4889,1387,6925,2113,2966,1137,630,512,12,79,0,0,0,0,0,0,20220203
202201,공항철도 1호선,홍대입구,111,4,1915,224,2979,2464,7459,5439,10667,19311,6657,19962,5945,15399,7154,18735,9556,22983,11517,24958,13449,22139,16998,22104,21206,22763,27167,22579,31656,26436,24839,14359,32231,6767,41534,8772,11490,5598,2733,2928,154,601,0,1,0,0,0,0,20220203
202202,2호선,홍대입구,190,4,7804,2403,15135,11075,42312,23218,55257,73667,36982,86739,27765,63420,34961,77088,43824,99819,52836,108419,60033,108013,72949,110918,90760,111554,113803,119452,137099,134557,110534,81122,129286,39636,171014,39579,88315,26379,12425,12390,58,1373,0,0,0,0,0,0,20220303
202202,경의선,홍대입구,1,0,132,85,429,337,1017,1210,1349,4348,874,2882,825,2775,961,2646,1379,3543,1688,3600,1885,3668,2269,3375,2789,3895,4156,3607,4880,3965,3380,2456,3498,1242,4667,1559,2711,933,503,522,3,58,0,0,0,0,0,0,20220303
202202,공항철도 1호선,홍대입구,73,0,1549,197,2553,1989,6286,4595,9008,16141,5621,16355,4878,13945,6476,16454,8337,19490,10370,20536,12106,18370,14703,18315,18117,18631,22898,18403,27303,22214,21108,13361,23560,6146,28784,6711,14053,5020,2521,2511,126,530,0,1,0,0,0,0,20220303
202203,2호선,홍대입구,326,7,9614,2844,18498,13165,50518,30554,64536,86673,42090,104395,30813,66134,37373,78907,49120,95077,56375,108177,61637,104502,74537,108479,95781,116689,121398,137726,147362,170383,116609,113688,112743,54541,133947,39101,145857,32871,76058,26888,231,3967,0,0,0,0,0,0,20220403
202203,경의선,홍대입구,0,0,164,95,535,433,1190,1638,1511,5016,1121,3846,1031,2660,1086,2482,1503,3189,1693,3486,2075,3611,2436,3411,2871,4254,4601,4338,5477,5095,4115,3271,3478,1533,4061,1523,4501,1135,1956,916,18,95,0,0,0,0,0,0,20220403
202203,공항철도 1호선,홍대입구,66,3,1898,223,3034,2383,7585,6002,10768,18850,6420,18780,5050,13047,6532,14671,8514,17856,10208,19211,11765,17459,14109,17345,17889,18653,23506,20775,29155,26610,22925,16376,20721,7381,23169,6228,22968,5701,10303,4618,317,1181,0,0,0,0,0,0,20220403
202204,2호선,홍대입구,557,13,15856,3254,22524,14334,55328,33947,74550,95722,47830,113262,35996,75180,42613,86531,54892,105598,63937,116614,69643,113492,83168,114546,105203,125235,133385,155099,160089,198706,124941,140462,121042,74030,143518,53831,155206,43937,75896,33860,619,6413,0,0,0,0,0,0,20220503
202204,경의선,홍대입구,4,0,271,129,606,551,1364,1937,1806,5662,1293,4319,1137,3005,1202,2831,1690,3639,1899,4072,2427,4083,2563,3812,3180,4778,5036,4812,5995,6355,4507,4009,4004,2026,4799,1894,5112,1387,2411,1156,55,154,0,0,0,0,0,0,20220503
202204,공항철도 1호선,홍대입구,80,2,2432,289,3818,2482,8755,6844,12133,21350,7601,20487,6422,15840,7468,17678,9784,20935,11977,21908,13740,19205,16721,19037,20295,21737,26725,24404,31994,32798,25636,20901,23256,9632,26839,8157,25703,6814,12470,5373,1143,1533,2,1,0,0,0,0,20220503
202205,2호선,홍대입구,1186,34,30020,3966,30967,17507,62647,38187,81267,106889,53875,133094,40956,92049,48846,111954,63726,131364,73352,143687,81959,136751,102290,135816,131184,144408,162439,172797,186038,222200,144786,154892,145314,84981,170936,66654,181686,57398,77985,45121,493,9757,1,1,0,0,0,0,20220926
202205,경의선,홍대입구,11,2,416,150,900,683,1568,2198,2142,6482,1548,5687,1454,4042,1426,3849,1944,4794,2424,5138,2935,5063,3201,4615,4230,5652,5986,5673,6962,7755,5351,4846,4882,2682,5700,2564,5695,1923,2886,1456,39,232,0,0,0,0,0,0,20220926
202205,공항철도 1호선,홍대입구,157,9,4038,362,5032,3131,10091,8360,13014,23800,9015,24219,7647,19340,9258,23052,11766,25603,14350,26617,17112,22913,20412,22654,25150,24542,32326,27938,37816,37359,29585,24479,28260,11780,31891,9903,31648,8853,13946,6551,989,1869,0,0,0,0,0,0,20220926
202206,2호선,홍대입구,882,28,28322,3986,29273,17272,59260,36902,77518,100993,51399,116865,40489,86920,48116,102558,59579,121850,69023,132667,76776,126803,93183,128713,115985,135392,141574,162215,168625,201978,130744,138818,132488,78765,157600,63352,165217,53234,77003,40624,7780,12437,1,1366,0,0,0,0,20220703
202206,경의선,홍대입구,8,1,427,163,784,631,1529,2040,1805,6130,1381,4765,1265,3629,1410,3381,1799,4232,2022,4479,2508,4323,2936,4025,3659,5155,5394,5188,6362,6740,4539,4385,4450,2298,5376,2344,5181,1637,2530,1283,57,198,0,0,0,0,0,0,20220703
202206,공항철도 1호선,홍대입구,169,7,4077,380,5238,2890,9872,8006,12899,22644,8394,22345,7640,19335,9026,20877,11471,25747,13804,25301,15518,21601,18978,21684,22964,23741,28860,26537,34533,35238,26614,22292,26293,11296,30240,9507,29460,8361,13777,5860,1149,1706,0,0,0,0,0,0,20220703
202207,2호선,홍대입구,782,16,27039,4126,30124,18181,61413,38243,78997,103353,52914,117879,41727,94485,50234,115225,62537,140481,74704,151948,82549,145939,102302,144121,127611,150424,157533,178640,185312,218042,148311,151200,150506,84655,180312,67637,183886,56733,87525,41049,10341,13624,1,1647,0,2,0,0,20220803
202207,경의선,홍대입구,4,2,341,120,805,713,1527,2181,1856,6249,1519,5100,1235,4057,1435,4037,1952,4894,2245,5061,2417,4906,2933,4796,3772,5657,5697,5363,6874,7050,4934,4562,4762,2484,5804,2579,5833,1764,2568,1316,62,208,0,0,0,0,0,0,20220803
202207,공항철도 1호선,홍대입구,160,10,4391,343,5321,3057,10346,8298,12862,23059,8797,23065,8315,20152,9902,24225,12419,29458,15050,29320,16988,25103,21271,24187,26330,26693,32842,28845,37676,37931,29713,24155,28991,12190,33792,10389,31351,8932,14932,6107,1303,1990,2,4,0,0,0,0,20220803
202208,2호선,홍대입구,674,15,24497,3627,29948,17014,59887,36888,77331,100123,51932,112615,40850,90792,48455,108441,60282,134268,70270,142950,79213,136484,98949,136502,121516,142317,151932,168144,180557,211094,144837,145599,140455,80450,167424,63365,166227,54211,81164,38764,10708,12881,5,1629,0,0,0,0,20220903
202208,경의선,홍대입구,8,0,395,88,749,667,1463,2206,1789,6173,1512,4734,1293,3948,1381,3893,1744,4627,2139,5093,2567,5022,2797,4637,3612,5369,5685,4927,6663,6801,5051,4249,4491,2540,5525,2290,5622,1737,2375,1290,52,139,0,0,0,0,0,0,20220903
202208,공항철도 1호선,홍대입구,156,9,4205,315,5362,2884,9488,8290,12219,22928,8775,22230,8310,20160,10204,24085,12303,29343,14910,28715,16941,24827,20706,24120,25822,25710,31930,28264,37065,37625,29453,23596,27540,11932,31488,9636,29542,8574,13939,5703,1187,1802,0,0,0,0,0,0,20220903
202209,2호선,홍대입구,706,16,25688,3441,29893,16109,60553,36891,78695,103114,53704,129189,42728,87787,49898,100578,61322,119892,72535,130821,79821,120799,98414,126273,125986,138855,149520,170195,173357,214190,137197,151016,132247,85333,154784,68743,159755,58549,81436,43580,10862,15320,63,1716,0,15,0,0,20221003
202209,경의선,홍대입구,5,0,345,99,823,705,1441,2216,1796,6840,1541,5789,1306,4017,1318,3765,1842,4353,2159,4691,2645,4320,3299,4268,3921,5281,6076,5324,6816,7332,4905,4702,4584,2567,5178,2218,5508,1928,2506,1485,47,162,0,0,0,0,0,0,20221003
202209,공항철도 1호선,홍대입구,152,6,4090,275,5526,2814,10016,9112,12821,23571,8746,23745,8412,19622,9788,21339,12081,25450,14370,26095,16615,22154,19863,22808,24510,25243,30823,28743,36285,37518,28450,24260,26761,12786,30618,10462,29958,9751,14658,6156,1175,1989,3,22,0,0,0,0,20221003
202210,2호선,홍대입구,1352,26,31546,4155,33471,18230,62343,37203,80837,103458,60595,134015,53290,101210,59126,116020,70403,138907,84149,152655,91893,142747,113773,144497,142367,156110,167435,186404,193033,229914,151479,167885,148611,99102,172770,80067,172290,67464,90259,47392,10937,16020,2,1717,0,0,0,0,20221103
202210,경의선,홍대입구,7,1,356,106,830,817,1539,2163,1964,6874,1820,6048,1571,4572,1632,4286,2191,5104,2491,5569,3045,5298,4026,4921,4552,6065,6642,5661,7294,8106,5600,4978,5010,3028,5722,2742,5680,2074,2595,1435,59,194,0,0,0,0,0,0,20221103
202210,공항철도 1호선,홍대입구,221,14,5162,342,6374,3222,10637,9496,13555,23506,10938,25602,10988,22533,12393,24721,14034,29400,17073,29923,19269,25429,24435,26562,29448,28146,35840,31427,40578,40019,31350,25816,29408,14458,33414,11620,31052,10598,15132,7105,1253,2074,1,0,0,0,0,0,20221103
202211,2호선,홍대입구,820,10,23895,3827,29067,17492,64080,38473,84742,108623,60923,139484,50541,97604,56902,104019,66160,122787,76553,136025,83683,128942,102278,131260,132794,145904,160247,183431,185046,232335,142217,161953,141272,89985,170563,72677,165596,59400,83901,40871,13751,14533,9,1935,0,0,0,0,20221203
202211,경의선,홍대입구,3,0,382,81,695,762,1524,2222,1861,7227,1708,5954,1336,3996,1416,3726,1987,4395,2285,4749,2711,4412,3364,4203,4153,4936,6302,5346,6628,7527,5111,4507,4514,2269,5413,2125,4988,1762,2246,1207,66,152,0,2,0,0,0,0,20221203
202211,공항철도 1호선,홍대입구,153,6,4519,295,5447,3302,10545,10128,13887,25371,11189,26560,10705,20829,11440,21655,13368,25232,15538,26470,17048,22677,20789,23531,26339,25593,33446,30320,38025,40674,28585,25019,27755,13015,32526,10916,29148,9715,13901,6460,1252,2041,0,0,0,0,0,0,20221203
202212,2호선,홍대입구,993,15,26912,3769,30664,18163,61455,38872,79567,102441,59014,126053,52868,98756,62484,120357,73076,146705,83754,159852,93724,156037,116226,159085,148810,170505,178014,199737,198203,242155,161339,172286,158613,100051,194177,82040,194279,70005,99989,49988,13539,17576,437,2787,278,228,0,113,20230103
202212,경의선,홍대입구,1,1,360,89,725,774,1413,1936,1609,7029,1490,5369,1303,3996,1445,4099,1902,4887,2436,5359,2863,5471,3418,5030,4343,6015,6240,5412,6668,7192,5004,4527,4550,2335,5533,2168,5505,1824,2407,1329,61,161,0,0,0,0,0,0,20230103
202212,공항철도 1호선,홍대입구,160,12,4432,318,5483,3356,9728,9314,13287,23406,10827,24415,11660,21453,13250,24498,15127,29444,17114,30945,19293,27498,23000,27606,29718,30083,36694,33301,38614,41400,31149,26828,29762,14384,34759,11524,33350,10362,15695,7637,1403,2528,1,1,0,0,0,0,20230103
202301,2호선,홍대입구,1350,43,29267,3403,29955,16126,57425,32666,73532,94059,52618,108470,44677,85658,53267,108218,62529,135589,71884,150034,81432,142535,99284,146622,126147,151781,158331,175277,184996,211551,151724,151916,148492,84966,176595,67040,175977,55830,90008,38931,11381,14098,170,1490,0,29,0,0,20230203
202301,경의선,홍대입구,7,0,379,116,743,627,1291,1613,1629,6193,1239,4938,1253,3643,1347,4061,1822,5038,2069,5194,2639,5171,3061,4806,3859,5352,5737,4835,6359,6494,4814,4307,4572,2249,5025,2115,5114,1798,2284,1271,44,154,0,5,0,0,0,0,20230203
202301,공항철도 1호선,홍대입구,218,9,4508,276,5092,3176,9191,8538,12124,21943,9711,22747,10113,19384,11962,24082,13925,29856,16034,30880,18179,26853,22415,26903,27750,27878,34609,29972,37982,37409,30563,24045,28735,12310,33047,10060,29877,9305,13886,6463,1250,2110,2,20,0,0,0,0,20230203
202302,2호선,홍대입구,958,13,25149,3237,27475,15583,56849,31989,74567,94350,53823,111406,46254,91458,53830,116457,62598,142057,73192,153764,83906,147377,102718,149014,131151,152249,159588,178119,191309,215940,158705,157748,153030,86844,179684,68675,176559,56523,93479,40775,12250,15292,4,1624,1,0,0,0,20230303
202302,경의선,홍대입구,7,1,324,110,639,634,1324,1589,1561,6169,1255,4834,1130,3891,1437,4729,1911,5394,2145,5426,2791,5249,3299,5106,4336,5616,5914,5121,6913,6857,5165,4303,4991,2321,5028,2198,4933,1736,2479,1102,46,142,0,0,0,0,0,0,20230303
202302,공항철도 1호선,홍대입구,200,20,4126,329,4841,3199,8924,8565,12359,22260,9716,23438,10608,21866,11804,26802,14025,31369,16440,32415,19179,27423,23937,27407,29877,28272,36781,30629,40933,38792,33312,24589,30620,12590,34887,9926,31260,9115,14367,6023,1217,2125,0,0,0,0,0,0,20230303
202303,2호선,홍대입구,1155,17,27942,3639,31603,18150,67590,40835,88394,115078,65238,155828,56938,107709,63120,119698,71985,138501,84140,153315,91478,143913,115506,148479,148430,164026,175584,200774,202824,251158,168511,180815,164411,103290,196737,83589,193581,67920,102718,49352,13565,18458,5,2028,0,0,0,0,20230403
202303,경의선,홍대입구,7,1,338,144,774,753,1552,2266,1808,7707,1485,6767,1346,4182,1488,4721,2297,5077,2639,5718,3321,5234,3745,5064,4836,5921,7181,6321,7697,7735,5720,5200,5085,2576,5781,2431,5725,2014,2687,1484,58,251,0,0,0,0,0,0,20230403
202303,공항철도 1호선,홍대입구,265,28,5052,380,5914,3758,11691,10830,14551,26709,12166,27933,12534,22667,13627,25725,15354,29666,17368,31459,20009,27267,24745,28184,30628,29966,38850,34708,43613,42834,35167,28875,32995,15131,37462,12136,33557,11046,15823,7983,1372,2405,0,0,0,0,0,0,20230403
202304,2호선,홍대입구,1187,23,29418,3392,32831,18614,62304,39740,84826,108238,64861,139592,59100,100906,63273,115281,73448,134161,84972,145690,90501,140429,110969,144431,137682,155447,162658,185990,190683,233692,159476,172735,156796,107877,185846,87109,180874,71719,96116,49446,12174,17142,8,1831,0,0,0,0,20230503
202304,경의선,홍대입구,10,2,354,136,901,827,1533,2175,1642,7119,1557,6332,1532,4259,1603,4792,2126,5039,2536,5308,3186,5151,3664,4965,4621,5512,6516,5805,7087,7010,5653,4932,5262,2957,5644,2542,5462,1976,2618,1456,42,239,0,0,0,0,0,0,20230503
202304,공항철도 1호선,홍대입구,229,18,5112,390,6334,3773,11566,10611,14641,24889,12768,26241,13527,22320,14022,25678,15758,28593,18172,31051,19793,26756,24056,26948,29919,28698,36839,32702,41269,40030,33948,27606,33104,15302,35679,12689,32123,11761,15318,8385,1250,2323,0,0,0,0,0,0,20230503
202305,2호선,홍대입구,1303,29,33275,3670,33178,19355,64565,41179,82228,110277,62630,142464,56520,108316,62958,123821,73878,141534,86910,155569,95006,147258,117741,149222,146517,160785,172666,195112,196144,233885,159960,169992,162036,105274,188102,88008,186691,72978,99755,54086,13006,19255,12,2048,0,0,0,0,20230603
202305,경의선,홍대입구,4,0,435,203,949,866,1589,2561,1860,7489,1571,6809,1610,4904,1607,5067,2200,4996,2693,5638,3400,5066,4087,4975,4950,6036,6653,6085,7561,7032,5695,5013,5671,2978,6197,2806,6006,2047,2943,1695,41,217,0,0,0,0,0,0,20230603
202305,공항철도 1호선,홍대입구,266,15,5740,417,6428,4067,11887,10463,14889,25814,12690,28178,12988,23536,14441,26356,16156,29430,18491,31456,20755,27291,25554,27027,31228,29226,37531,33759,41312,41251,34010,26882,33838,15531,37070,13188,33738,11199,16526,8681,1400,2486,1,1,0,0,0,0,20230603
202306,2호선,홍대입구,1096,19,30919,3733,32348,18545,62935,41539,81770,106434,61975,127088,56680,101688,62785,120617,71533,139701,84771,154162,93381,146363,113309,146816,135998,158189,160769,188316,185829,228318,152431,169301,154463,103940,185479,86969,185665,72159,98489,54853,13413,18986,3,2178,0,0,0,0,20230703
202306,경의선,홍대입구,6,0,419,174,931,924,1577,2408,1705,7035,1460,5608,1514,4183,1528,4352,2052,4661,2411,5376,2964,4806,3481,4561,4171,5381,5871,5622,6953,7013,5181,4853,5177,2870,5988,2661,6259,2208,2790,1595,65,193,0,0,0,0,0,0,20230703
202306,공항철도 1호선,홍대입구,263,15,5570,379,6219,4106,11211,10500,14898,25181,12289,25650,12351,21978,14184,24850,15719,28785,17897,30152,19974,26263,23468,26170,29054,28797,35410,32771,39815,40602,31817,27172,32101,15141,36658,12793,35011,11216,16805,9215,1468,2492,1,0,0,0,0,0,20230703
202307,2호선,홍대입구,989,20,31565,3648,33225,17550,62179,39033,80183,103208,60716,124039,54560,104130,62550,128651,73170,153931,85637,168662,95280,159281,115608,159424,141795,168904,169690,194296,198986,231645,162943,171368,166574,103018,198591,83914,194164,70019,97872,51187,12540,18462,9,1894,0,0,0,0,20230803
202307,경의선,홍대입구,6,1,463,164,979,816,1614,2447,1822,7025,1411,5583,1411,4347,1436,4768,2009,4928,2424,5851,2770,5175,3405,4946,4058,5863,6115,6047,7154,6569,5323,4952,5566,3057,6382,2655,6376,2209,2762,1442,44,216,0,0,0,0,0,0,20230803
202307,공항철도 1호선,홍대입구,226,14,5935,433,5945,3886,10579,10495,14656,25012,12256,26755,13134,24281,14989,28423,16883,33440,19672,35787,22201,30622,25529,30720,31172,32521,39304,35571,44091,42376,35762,28343,34747,15496,40567,13237,35997,11680,16775,9199,1408,2539,1,0,0,0,0,0,20230803
202308,2호선,홍대입구,746,21,27980,3632,32201,16639,61377,39326,78677,103620,59251,123282,52769,102773,59877,126569,70449,151349,83199,160922,93442,151094,112780,154946,137337,161191,165111,189500,195705,227017,161864,165027,161516,101331,187157,81624,183147,67391,92368,47755,12249,16846,2,1974,0,0,0,0,20230903
202308,경의선,홍대입구,4,0,450,168,886,787,1645,2161,1653,7036,1384,5468,1410,4140,1361,4678,1884,4896,2390,5657,2902,5117,3292,5091,4035,5720,5961,5926,7104,6865,5493,4722,5444,2868,6123,2601,6341,2109,2683,1454,40,189,0,0,0,0,0,0,20230903
202308,공항철도 1호선,홍대입구,183,24,5462,398,6330,3783,11077,10531,14825,25700,12584,25534,13168,23622,15147,28366,17180,33019,19824,34767,21810,29770,25986,29915,31244,31051,39233,34407,43951,41978,35592,27803,34512,15884,38174,13059,34507,11667,15855,8698,1239,2801,0,0,0,0,0,0,20230903
202309,2호선,홍대입구,1069,25,29024,3391,32350,15564,60058,38511,76939,102105,58814,131687,53570,101613,58965,113949,69760,133575,81780,146822,90773,140657,111712,145788,137751,157836,162869,190513,185271,224723,152051,168303,150992,103892,175229,83228,174586,71217,91560,48413,12357,18470,11,1450,0,0,0,0,20231003
202309,경의선,홍대입구,3,0,403,153,1006,654,1598,2139,1688,7179,1506,6141,1521,4501,1569,3982,2023,4611,2291,5001,2725,4847,3425,4675,4213,5819,6206,5875,6686,6713,5225,5356,5105,3134,5884,2415,5840,2343,2759,1602,33,222,0,0,0,0,0,0,20231003
202309,공항철도 1호선,홍대입구,242,17,5605,415,6135,3542,10739,10364,14136,24969,11952,26567,12282,22884,13890,24580,15404,28273,17477,30310,19984,25822,23979,26921,29627,28957,36178,33603,40238,40216,33051,27724,31981,15562,35514,12638,33048,12056,15641,8585,1287,2520,0,0,0,0,0,0,20231003
202310,2호선,홍대입구,1246,18,29857,3690,33953,17913,62684,40966,80925,107096,64763,137070,60779,109534,64550,128322,74729,151033,89011,165776,100757,159121,123987,159900,151467,171813,177720,196245,205885,238049,167695,176064,163128,111330,184985,92342,182075,74517,93081,51708,11233,17584,6,1553,0,0,0,0,20231103
202310,경의선,홍대입구,4,2,415,152,978,697,1655,2218,1788,7330,1618,6619,1687,5226,1609,4789,2199,5193,2692,6480,3667,5910,4278,5749,5145,6519,6907,6484,7901,7671,6265,5578,5581,3307,6401,3013,6251,2462,3040,1396,48,228,0,0,0,0,0,0,20231103
202310,공항철도 1호선,홍대입구,282,11,5522,438,6502,3971,11317,10763,15277,26719,13736,29192,14520,25489,14907,28307,16625,33494,19721,35515,23121,30212,28053,30584,34242,32042,41985,35421,46813,41961,37327,28593,35130,16571,38454,13921,34429,12465,16351,9292,1342,2627,1,1,0,0,0,0,20231103
202311,2호선,홍대입구,1035,21,26312,3898,31083,17496,65562,42197,84562,115003,64666,144827,57919,111401,63480,121454,74244,141197,85295,156798,95847,148569,118561,152974,149054,166082,177477,202164,205471,247749,163316,180778,163792,104278,191832,82292,187126,67494,94390,47413,12926,16979,42,1430,0,0,0,0,20231203
202311,경의선,홍대입구,5,1,363,144,882,705,1525,1923,1810,7625,1476,7066,1415,4923,1527,4388,2043,4516,2499,5703,3142,5139,3578,5022,4639,5724,6450,6219,6992,7156,5308,4946,5213,2665,6065,2202,5883,1957,2745,1364,40,197,0,0,0,0,0,0,20231203
202311,공항철도 1호선,홍대입구,235,10,5232,383,6060,3905,11249,10601,15087,27672,13385,30332,13698,24454,14523,25579,16054,29015,18345,31274,20778,27100,24798,27395,31306,29689,39589,34974,43837,43354,34587,28404,33082,15849,37792,12861,33255,11690,15335,8526,1193,2664,0,0,0,0,0,0,20231203
202312,2호선,홍대입구,1252,23,30969,3804,32093,17644,58680,39592,75160,102693,59253,128150,57291,112559,66885,143067,78376,171710,91148,188528,106317,181808,131166,183824,166739,193644,194338,220172,214091,250872,181154,180214,182745,109352,216017,91824,212376,75030,110986,53728,13808,20099,370,4017,5,883,0,0,20240103
202312,경의선,홍대입구,10,0,343,151,841,615,1361,1524,1536,7263,1392,6258,1442,5255,1607,5089,2211,5841,2579,6811,3484,6480,4035,6037,5202,7049,6778,7116,7267,7462,5561,5351,5486,3122,6349,2816,6878,2133,2945,1415,64,252,0,0,0,0,0,0,20240103
202312,공항철도 1호선,홍대입구,248,9,5240,412,5997,3981,10074,10066,13421,24813,12288,28038,13946,25087,15835,29995,18331,35609,20433,37956,23964,33148,28341,33327,36283,35073,43205,38089,45017,43103,37641,28486,36346,16437,41563,13184,37409,12199,17601,9024,1479,2948,0,0,0,0,0,0,20240103
202401,2호선,홍대입구,1338,50,30144,3716,33450,17347,64493,38310,79882,110603,58131,127380,50298,101765,58234,125123,69665,154647,79216,171009,91672,160875,113685,161890,142666,166806,175990,195045,209961,234177,170416,164860,167322,95274,194920,74575,191145,60494,95760,42609,11892,15904,3,1809,0,0,0,0,20240203
202401,경의선,홍대입구,11,1,394,203,796,609,1340,1587,1778,7178,1142,6442,1112,4975,1349,5096,1752,5462,2319,6411,2861,5624,3445,5439,4587,5800,6074,5744,7261,6769,5511,4592,4947,2701,5887,2172,6182,1743,2613,1105,67,185,0,0,0,0,0,0,20240203
202401,공항철도 1호선,홍대입구,259,16,5291,383,5205,4005,10001,10155,14104,26417,11085,27473,12043,23612,13803,28718,16025,34430,18371,35854,21409,30283,26617,30432,33527,30660,42189,33738,46433,40958,36964,26113,34211,13856,38701,11338,33614,10118,15166,7227,1212,2309,1,0,0,0,0,0,20240203
202402,2호선,홍대입구,992,18,25339,3218,28403,14739,55435,33641,70249,94230,53606,113939,48989,101494,57385,128952,67292,158966,78952,170872,92635,166055,114685,165787,143454,172201,172052,188808,203352,217786,172408,161129,169376,94877,193336,74860,182632,60558,93012,42955,11562,15952,154,1885,0,8,0,0,20240303
202402,경의선,홍대입구,10,1,304,164,694,614,1188,1383,1515,5922,1018,5174,1141,4959,1289,4809,1886,6326,2337,6574,3083,6244,3579,5880,4669,5876,6041,6058,6866,6541,5622,4864,5160,2673,5736,2323,5299,1942,2333,1188,69,245,9,13,0,0,0,0,20240303
202402,공항철도 1호선,홍대입구,205,6,4407,397,4981,3353,9335,9047,13061,22734,10776,24720,11793,23083,13576,29246,16076,35501,18462,35907,21772,30891,26908,30580,33238,31197,40590,33161,45173,38934,37012,26493,34706,14213,38191,11437,32365,10328,14473,7657,1162,2422,30,51,7,7,0,0,20240303
202403,2호선,홍대입구,1256,41,28706,3643,32046,17703,63352,42069,81371,115129,65705,151791,60908,118291,68919,138479,80143,162839,93232,179237,104988,169551,130250,174668,164256,183536,192661,217711,218076,253940,185695,184053,183320,112411,212757,89270,203564,72914,104875,52254,12142,18572,4,2146,0,2,0,0,20240403
202403,경의선,홍대입구,10,1,353,200,869,667,1492,1844,1715,7315,1257,6505,1427,5416,1574,4853,2160,5452,2718,6577,3338,6088,3940,5940,5178,6581,6911,6793,7765,7634,6152,5539,5671,2991,6328,2688,6219,2168,2902,1427,105,337,0,0,0,0,0,0,20240403
202403,공항철도 1호선,홍대입구,283,19,5295,478,5713,3817,10903,11062,14750,26821,13719,29248,14697,24725,15795,29152,18032,33877,20546,35136,23267,30331,28113,31572,34929,33460,43365,36836,47106,43424,39237,29644,37290,16853,41295,13771,35593,12593,16041,9387,1411,3117,0,0,0,0,0,0,20240403
202404,2호선,홍대입구,1039,32,27186,3574,32820,19187,64879,44294,84061,119416,68322,148267,63784,114949,69269,126301,79036,143204,90867,158554,101882,146214,121832,151580,148246,162014,174838,195706,200173,240291,167878,180704,165899,114018,191734,92927,185245,77637,98761,53657,12929,19102,3,2232,0,0,0,0,20240503
202404,경의선,홍대입구,7,0,434,190,864,748,1493,2267,1665,7531,1659,6544,1555,5245,1601,4392,2208,5087,2759,5653,3341,5337,4052,5713,5039,6106,6685,6170,8047,7632,6041,5453,5691,3418,6495,3156,6329,2362,2977,1584,77,286,0,0,0,0,0,0,20240503
202404,공항철도 1호선,홍대입구,223,10,5582,539,6471,4237,11811,11734,15797,28487,14308,28821,15295,23743,16101,26827,17606,30388,19458,32067,22244,27873,27188,28327,32816,29649,39771,34039,44935,41780,37747,29721,35482,17388,39097,14350,34292,12890,16120,9665,1426,3107,0,1,0,0,0,0,20240503
202405,2호선,홍대입구,1129,24,31942,3858,33706,19834,63208,43832,82159,116759,66534,150553,62908,123072,70043,141804,83456,164121,97992,178801,109607,167810,133008,168933,165000,178879,190621,209911,213025,245928,177042,179839,179144,118242,207273,96102,200274,81477,105230,59995,14242,21542,11,2618,0,0,0,0,20240603
202405,경의선,홍대입구,3,0,504,240,943,822,1482,2325,1859,7445,1542,7280,1662,5650,1867,5411,2474,6052,2994,6846,3826,6426,4666,6182,5712,6754,7420,7327,8221,7630,6492,5717,6230,3537,7123,3265,6870,2385,3223,1701,92,307,0,5,0,0,0,0,20240603
202405,공항철도 1호선,홍대입구,281,19,6327,565,6853,4563,11627,11812,15442,28659,14412,31255,15277,26442,16724,30585,18589,34428,21829,36167,24869,30574,29598,30945,36505,32825,43433,36899,47774,42521,39494,30062,38714,17422,42065,14718,36697,13306,17814,10059,1521,3187,1,0,0,0,0,0,20240603
202406,2호선,홍대입구,1102,31,30795,3752,32199,19315,59334,40849,76258,106517,62885,129440,59429,113306,66729,132841,78333,155042,90754,169198,103012,160005,122705,161904,147152,173168,171249,199390,195805,229038,164537,165876,168814,110671,198064,93635,191740,75463,98253,52645,12130,19803,5,1998,0,0,0,0,20240703
202406,경의선,홍대입구,10,0,488,217,914,797,1395,2208,1688,6768,1467,5952,1465,4884,1598,4857,2193,5375,2671,5843,3280,5627,3808,5374,4816,5724,6583,6077,7196,6758,5836,4699,5755,3106,6700,2955,6457,2132,2987,1406,85,303,0,0,0,0,0,0,20240703
202406,공항철도 1호선,홍대입구,248,16,6374,583,6656,4351,11021,10802,14617,25978,13700,27883,14568,24330,15971,28160,17550,32569,20085,33796,22669,28945,26781,29453,32722,31469,39238,34524,44097,39681,36818,27284,36366,16686,40673,14128,35394,13034,16722,9896,1450,3304,0,0,0,0,0,0,20240703
202407,2호선,홍대입구,898,22,27298,3740,32242,19407,65571,43447,84775,117303,63272,138915,58699,117101,67348,142452,78723,166589,92682,180962,103105,171575,124991,170993,154965,178210,187583,204797,220504,245334,180490,176918,181553,110300,208778,87110,197719,73419,98639,51293,13291,18586,7,2278,0,0,0,0,20240803
202407,경의선,홍대입구,6,0,388,192,834,747,1528,2288,1757,7542,1415,6389,1397,4987,1590,4891,2226,5902,2737,6174,3136,5825,4078,5806,4832,6039,6733,6683,8338,7334,6320,5430,5901,2997,6966,2815,6625,2026,2848,1398,73,309,0,0,0,0,0,0,20240803
202407,공항철도 1호선,홍대입구,211,12,5666,489,6754,4506,12071,11267,15501,28536,13577,31133,14949,25708,16620,30294,18564,35235,21327,36880,23676,32069,29234,31270,35710,32903,44371,37469,50642,43704,40864,29693,38798,16648,42604,14146,36719,12882,16426,9694,1543,3266,0,0,0,0,0,0,20240803
202408,2호선,홍대입구,793,27,27023,3484,31119,19267,58233,39631,76076,105473,59497,124976,56946,115842,65501,143953,76602,165597,89684,177034,103230,167108,124563,168953,155186,177694,184254,203283,209940,237030,177769,172323,181751,110647,206812,86705,197850,73428,97936,49684,12129,18021,7,2097,0,0,0,0,20240903
202408,경의선,홍대입구,6,0,424,136,888,720,1400,2127,1672,6788,1310,5841,1417,4999,1558,5267,2123,6041,2668,6244,3230,5858,3912,5574,4677,5991,6538,6337,7954,7314,6224,4994,6320,3175,6744,2767,7002,1998,2962,1401,95,312,0,0,0,0,0,0,20240903
202408,공항철도 1호선,홍대입구,216,11,5620,475,6726,4475,11116,10261,14126,26219,13007,28472,14358,26663,16219,32570,18238,36732,21278,37265,24331,31872,29876,32387,36421,33509,43503,36992,48433,42685,40777,28592,39296,16590,43429,13864,36851,12455,16449,9520,1349,3241,0,0,0,0,0,0,20240903
202409,2호선,홍대입구,911,26,25987,3187,30125,17467,56107,38978,73321,102652,59957,131862,55668,109353,63673,125767,75658,146750,87551,159829,98867,152211,120774,154669,146980,167199,171729,188685,192574,222367,164349,166049,160593,105321,181728,83861,176461,68860,89083,51125,11344,17645,142,1919,0,0,0,0,20241003
202409,경의선,홍대입구,5,0,332,140,814,573,1283,2077,1609,7019,1346,6183,1386,4604,1611,4543,2147,5237,2665,5655,3224,5298,3885,5195,4638,5770,6432,6022,7696,6932,5955,4722,5336,2934,6268,2475,6313,2043,2785,1391,107,259,4,6,0,0,0,0,20241003
202409,공항철도 1호선,홍대입구,243,11,5380,412,6527,3942,11008,10241,14177,24638,12554,27869,13460,23531,14620,26886,16756,30770,19377,31788,22281,27454,26603,28365,32160,29918,38558,33334,43292,38306,36595,26804,34160,15573,37409,12778,33123,11893,15227,9698,1366,3159,31,61,1,17,0,0,20241003
202410,2호선,홍대입구,1018,36,26192,3681,31450,19900,62063,43272,82814,114570,70128,150953,66312,124409,73992,145046,84709,160952,100916,180010,111904,167976,136218,168119,165693,184023,190329,209297,218588,247786,180911,185557,175719,116576,196580,96381,188444,77782,96089,52750,11671,20028,12,2008,0,1,0,0,20241103
202410,경의선,홍대입구,8,1,425,120,847,758,1488,2356,1914,7871,1564,7443,1762,5848,1905,4876,2559,6443,3231,6389,4180,5989,5137,5715,5616,6249,7423,6720,8895,7777,6701,5439,6377,3516,7012,3316,6932,2592,2810,1735,88,283,0,0,0,0,0,0,20241103
202410,공항철도 1호선,홍대입구,293,33,5615,478,7155,4455,12136,11120,16081,27510,15344,31909,16207,27011,17494,30623,18800,34841,22060,35612,24833,30741,31068,31065,37790,32260,44338,36135,49682,42651,40400,29624,37931,17717,41076,14815,36084,13314,16766,9976,1555,3177,0,0,0,0,0,0,20241103
202411,2호선,홍대입구,980,32,27143,3508,31508,18667,63123,42947,82431,113713,68569,148681,61979,119646,68793,135099,81228,154527,94804,171254,106240,163457,129304,165626,161409,184150,190217,215048,211917,258831,174255,185406,173623,112007,202050,88675,195615,73787,99565,51067,13246,19943,14,2083,0,1,0,0,20241203
202411,경의선,홍대입구,10,0,435,122,854,645,1511,2100,1971,7765,1527,6904,1569,5084,1624,4652,2276,5639,2855,5944,3412,5671,4117,5576,5174,6286,7124,6905,8077,7863,6140,5171,5810,2956,6774,2409,6863,1911,3027,1324,85,293,0,0,0,0,0,0,20241203
202411,공항철도 1호선,홍대입구,300,21,5744,413,6734,4337,11813,11123,15614,27807,14739,32051,15029,25056,15521,27960,17761,32800,20724,33451,23921,29589,29429,30269,36051,32662,42739,36961,47574,44404,38578,29317,36525,16616,41149,13475,36312,12280,17118,9332,1562,3323,1,1,0,0,0,0,20241203
202412,2호선,홍대입구,1049,42,27732,3512,30605,18580,58753,41522,77554,109714,62850,135123,61991,120305,72275,148895,84613,178785,99156,196935,116999,189502,143742,194108,177608,204803,205159,229487,226142,258945,191728,189474,193838,118438,224831,95564,214804,80155,105392,54011,14434,19886,174,2714,0,31,0,0,20250103
202412,경의선,홍대입구,9,1,345,162,786,627,1358,1703,1705,7249,1292,6352,1478,4814,1756,4996,2362,6433,2769,6187,3562,6448,4223,6183,5233,7269,7034,7041,7636,7360,5999,5331,5949,2992,6624,2424,6627,2302,2863,1422,60,263,2,1,0,0,0,0,20250103
202412,공항철도 1호선,홍대입구,274,12,5552,526,6289,4281,10839,10756,14067,27158,13245,30060,14858,25569,17476,31260,19839,38234,21875,38478,25846,34425,32044,34763,39831,36215,46262,39684,50525,44776,40763,29966,38916,17090,44255,14479,38324,13446,17286,9677,1639,3218,0,0,0,0,0,0,20250103
202501,2호선,홍대입구,1187,44,27278,3365,28879,16040,52611,35050,68279,95637,54231,115431,51389,102070,60353,128308,71259,157888,83606,175675,96681,167965,120025,169202,146693,173289,173934,190248,198927,216251,169372,157097,167362,98313,193474,76885,185240,61969,92115,42987,10465,15832,79,1858,0,3,0,0,20250203
202501,경의선,홍대입구,14,0,343,178,678,458,1062,1429,1419,6215,1184,5241,1242,4157,1353,4311,2022,5976,2598,5759,3118,5780,3865,5563,4902,5801,6313,5778,6978,6365,5306,4015,5174,2693,5845,1929,5841,1663,2501,1104,59,207,4,1,0,0,0,0,20250203
202501,공항철도 1호선,홍대입구,276,12,5084,454,5446,3744,9189,9223,12117,22697,11146,26050,12297,21848,14346,27803,16687,35211,18925,35474,22853,31027,28217,30530,34360,31672,40555,33294,45309,37277,36546,24826,34969,14212,38364,11832,32893,10336,14988,7947,1309,2562,15,48,0,6,0,0,20250203
202502,2호선,홍대입구,780,43,21793,3021,26218,15265,55257,34684,72567,102515,54268,121110,49386,106066,58079,132987,68742,159902,82220,176839,93951,167647,116876,165870,147443,169428,176237,187663,209053,218033,178892,156323,173840,93232,194641,71977,180530,58259,88452,40542,11036,14432,7,1767,0,0,0,0,20250303
202502,경의선,홍대입구,2,0,329,157,662,483,1080,1610,1393,6181,1147,5238,1124,4326,1329,4724,1834,6326,2453,5775,3065,5661,3816,5543,4877,5852,6841,5853,7441,6580,5769,4006,5186,2475,5793,1890,5551,1540,2501,1067,39,132,0,0,0,0,0,0,20250303
202502,공항철도 1호선,홍대입구,213,4,4137,383,4987,3583,9261,9317,12435,24283,10769,27584,11467,23407,13402,29224,16065,35911,18923,35557,22805,31140,27816,30065,35341,30656,42435,32762,47846,37810,39095,25387,36294,13940,39297,11114,31287,9611,14306,7510,1107,2485,0,0,0,0,0,0,20250303
202503,2호선,홍대입구,1105,36,25907,3615,30471,16915,60909,42071,81015,116285,65601,157456,62582,126437,70495,146916,83799,169805,99226,186587,111964,178112,136805,179354,170161,192865,197766,218041,222994,256630,191955,185198,191456,115058,215743,94201,205245,73210,103812,50061,12518,19454,5,1854,0,0,0,0,20250403
202503,경의선,홍대입구,7,0,398,203,791,558,1270,1845,1796,6754,1451,6552,1506,4721,1589,4724,2135,5671,2783,5559,3480,5889,4215,5859,5336,5855,7215,6393,7894,7391,6103,4445,5878,3019,6573,2285,6263,1918,2867,1504,56,199,0,0,0,0,0,0,20250403
202503,공항철도 1호선,홍대입구,228,9,5295,465,6358,4192,11316,10984,14678,26551,14359,31159,14977,26104,16669,30077,18782,36387,21673,35789,25375,31874,30920,32654,37602,33705,45314,37414,49505,42632,40886,28983,39220,17318,42481,14058,36214,12213,16850,9771,1352,3848,2,3,0,0,0,0,20250403
202504,2호선,홍대입구,980,28,23560,3554,30602,18358,64889,46022,86349,122730,69601,158969,65483,119983,70903,132277,82483,145954,95644,162784,104183,150731,126239,154972,155582,167078,183089,196973,207420,243302,174150,179510,170458,115118,195121,94459,186490,75180,93582,51001,13203,19671,6,2118,0,0,0,0,20250503
202504,경의선,홍대입구,1,1,383,198,786,537,1251,2088,1989,7448,1609,6975,1399,4544,1566,4114,2137,5214,2641,4662,3477,4914,4481,4616,5106,5476,6684,5619,7307,7157,5675,4299,5416,2886,6114,2242,5793,1946,2602,1657,33,217,0,0,0,0,0,0,20250503
202504,공항철도 1호선,홍대입구,236,10,5330,519,6881,4654,12021,11522,15537,28266,14414,32461,15160,25016,16486,26898,18358,31509,20573,31711,22611,27744,28027,27567,34192,30129,40487,33736,45525,41649,37496,28244,35008,16881,39066,13936,33027,12341,15391,9893,1387,3150,0,0,0,0,0,0,20250503
202505,2호선,홍대입구,1148,32,29933,3515,31942,18758,60033,42726,79459,110293,66100,154977,64290,129889,72973,153820,85710,176253,101365,194618,114424,185794,140795,186115,174517,193407,201530,221181,219103,248832,191402,179127,194290,120147,218162,99818,208083,81948,107786,57943,13496,20937,8,2201,0,0,0,0,20250603
202505,경의선,홍대입구,6,0,446,158,763,609,1219,1944,1857,6708,1559,6549,1445,4998,1653,4773,2368,6308,2882,6011,3737,6483,4265,6167,5412,6469,7520,6655,8017,7270,6529,4847,6385,3291,6674,2571,6858,2365,3098,1461,63,249,0,1,0,0,0,0,20250603
202505,공항철도 1호선,홍대입구,258,8,6070,522,6629,4507,10980,10937,14382,26406,14120,32213,14862,28205,16893,31932,19800,37478,22581,37947,25877,33931,31813,33847,39528,34931,46081,37425,50076,41907,42586,28414,41042,17287,44317,14856,37385,13228,17328,10882,1480,3641,1,0,0,0,0,0,20250603
202506,2호선,홍대입구,916,32,27785,3399,30856,17700,57978,41314,76969,107002,63164,136394,61931,117820,70349,140878,81815,160827,96789,174446,107483,167099,129367,165308,154270,174295,178765,194927,200489,223265,170573,163364,175400,110630,197491,92293,184321,73717,94089,51748,11114,18505,3,1975,0,0,0,0,20250703
202506,경의선,홍대입구,6,0,429,162,810,597,1192,2023,1751,6320,1588,5902,1672,4723,1706,4402,2281,5856,2898,5593,3544,5903,4095,5550,5093,5817,6665,5984,7164,6774,5584,4457,5857,3228,6209,2589,5986,2202,2702,1678,52,229,0,0,0,0,0,0,20250703
202506,공항철도 1호선,홍대입구,245,9,6038,607,6448,4540,11217,10553,14455,25513,13634,29525,14774,26383,17046,29809,19767,34987,22309,35919,25387,30931,30072,30806,36215,32467,41777,34281,45478,38924,38106,26765,37813,16791,40749,14440,33955,12879,16474,10464,1351,3466,1,0,0,0,0,0,20250703
202507,2호선,홍대입구,762,26,25683,3664,30880,18257,64137,44224,84065,118154,63630,143556,59277,124370,70486,148981,81653,174371,98091,186345,109220,176215,133782,176196,162389,181755,191635,206823,222299,244599,187686,175462,191376,112842,212431,92523,201800,78387,97781,52909,13209,18610,6,1956,0,0,0,0,20250803
202507,경의선,홍대입구,3,1,485,163,830,546,1405,2276,1903,6697,1539,5626,1348,4650,1614,4487,2293,6306,2854,5751,3596,6382,3947,5478,5409,6460,6999,6664,7912,7341,6094,4526,6142,3313,6592,2646,6751,2411,2650,1646,39,239,0,0,0,0,0,0,20250803
202507,공항철도 1호선,홍대입구,193,12,5868,616,6744,4655,12069,11591,15183,28807,13777,30718,15079,26141,18255,31180,20392,37697,23010,37342,25433,32272,30972,32244,37807,33985,45987,37508,50800,44209,41523,29045,40350,17674,44366,15055,37036,14015,16411,10456,1380,3522,0,0,0,0,0,0,20250803
202508,2호선,홍대입구,743,24,25046,3217,29739,17563,56929,39418,74055,105243,59880,132234,58984,123879,70261,153379,82352,176786,97497,188329,110431,180249,134157,177388,163114,184875,189804,203180,213496,231989,186563,169588,187353,111206,206755,90615,195460,74128,94507,51881,11103,18323,8,1818,0,0,0,0,20250903
202508,경의선,홍대입구,10,1,461,118,843,496,1237,1947,1734,6257,1571,5329,1671,4846,1835,4911,2519,6770,2897,6138,3527,6516,4358,6064,5524,7032,7266,6406,7468,7121,6646,4908,6135,3298,6654,2600,6776,2398,2623,1341,60,194,0,0,0,0,0,0,20250903
202508,공항철도 1호선,홍대입구,231,25,5773,597,6503,4403,11053,10467,14129,26194,13570,28370,14701,27144,17292,32500,20149,39093,23101,37998,26046,33666,31806,33358,38893,35033,45527,37209,49648,41874,42897,28486,40869,17421,43310,14134,36808,12820,16335,10623,1497,3499,0,0,0,0,0,0,20250903
202509,2호선,홍대입구,926,48,23394,3394,30781,18283,64364,44882,85145,120673,64560,160291,58848,119675,68617,134391,80462,147438,94695,160825,105125,155388,127302,155222,157351,171999,186002,197694,208843,240036,176243,170930,166966,106435,186375,88539,178189,71324,87529,48747,12072,18235,10,1948,0,0,0,0,20251003
202509,경의선,홍대입구,2,2,369,106,820,532,1431,2242,1908,7323,1593,6420,1440,4880,1649,4440,2173,5910,2833,5268,3524,5801,4301,5313,5136,5810,7475,6444,7701,7203,6089,4707,5725,3342,6244,2634,6352,2608,2565,1259,35,191,0,0,0,0,0,0,20251003
202509,공항철도 1호선,홍대입구,288,23,5641,613,6698,4784,12401,12110,15033,30050,14048,32127,14609,26950,16853,27985,19194,32872,21291,33092,24324,29250,29903,29023,36379,31576,43411,36106,48875,41930,40400,28552,36865,17038,39797,13845,34703,12766,15530,10615,1428,3634,0,0,0,0,0,0,20251003
202510,2호선,홍대입구,877,44,23132,3336,28183,17170,56627,39765,74500,104390,62866,142416,61168,120295,70328,143477,84106,166849,100783,179853,113899,175711,135247,175377,167579,183850,192588,207817,214296,235459,181581,176070,176469,112492,193503,91787,182463,75636,88611,51765,11342,19331,13,1600,0,0,0,0,20251103
202510,경의선,홍대입구,4,0,313,112,761,523,1261,1905,1759,6232,1830,6446,1696,5091,1814,5109,2502,6742,3126,6116,4082,6982,5144,6652,6100,7312,7921,6696,8001,7852,6552,5255,6322,3421,6656,2686,6225,2571,2628,1536,42,284,0,0,0,0,0,0,20251103
202510,공항철도 1호선,홍대입구,235,7,5227,631,6225,4462,10923,10542,14411,26053,14014,29487,15000,27550,16955,31443,20432,36981,23441,36578,27861,33772,33720,32391,41139,34769,46504,37908,50834,41777,42038,28993,39384,17481,41615,14273,36287,12045,16313,10875,1704,4143,1,1,0,0,0,0,20251103
202511,2호선,홍대입구,1063,55,26681,3506,30994,17986,61271,42350,81471,110048,67170,153283,63820,124147,70855,142119,84121,160116,99494,178711,111959,171250,135776,173900,168522,188750,198911,215403,214556,253459,180632,178375,180643,112214,204826,90527,191465,71970,94078,48694,11570,17143,14,1756,0,0,0,0,20251203
202511,경의선,홍대입구,10,1,306,93,867,545,1412,2020,1883,6872,1566,6412,1606,4993,1678,4871,2238,6101,3048,5877,3904,6468,4517,6138,5837,7276,7675,6971,7563,7712,6352,4824,5904,3286,6251,2478,6374,2048,2711,1292,41,207,1,0,0,0,0,0,20251203
202511,공항철도 1호선,홍대입구,312,25,5701,594,6360,4357,12027,11403,15307,27827,15216,32184,15684,27789,17720,31800,20875,35456,23099,36716,27335,33515,32901,31604,41413,34978,48680,39170,51397,44224,42728,29302,40097,17944,43602,14140,36772,11635,17003,9655,1655,3339,1,2,0,0,0,0,20251203
202512,2호선,홍대입구,983,52,26016,3466,30038,20449,61298,42564,79983,115446,63187,149497,62981,126701,74098,155139,89153,181742,104583,201410,120115,191268,150141,191483,184613,201572,212303,225353,231241,252786,199833,185561,197663,118925,220333,95982,210961,79137,106267,52858,14669,21251,277,4358,4,219,0,0,20260103
202512,경의선,홍대입구,2,2,435,126,863,522,1306,2053,1741,7292,1496,6364,1615,4978,1842,5194,2386,6750,2969,6390,3926,7040,4690,6637,5978,7333,7738,7381,7735,7636,6489,5326,6242,3433,6614,2652,6948,2218,2697,1369,48,208,0,0,0,0,0,0,20260103
202512,공항철도 1호선,홍대입구,251,17,5358,629,6141,4664,11380,11981,15074,27856,13908,32768,15354,28570,18795,34228,21334,38533,23929,40030,28486,37490,35437,35748,43210,37805,50245,41287,53214,45744,44526,30896,43065,18569,46330,14929,39242,12345,18464,10067,1745,3530,0,0,0,0,0,0,20260103
202601,2호선,홍대입구,1089,57,26947,3281,30418,18878,59393,38237,77899,110084,58141,135645,54095,114238,64495,137449,77112,164454,91387,181561,105633,174618,126822,173384,160620,176472,191286,195913,218074,227340,185676,162871,179908,101400,202575,81213,192595,64356,95855,42825,11828,15391,42,2026,0,6,0,0,20260203
202601,경의선,홍대입구,7,2,405,81,807,562,1254,1783,1616,6292,1336,5951,1317,4384,1652,4463,2122,6796,2725,5809,3449,6662,4164,6296,5481,5734,7305,6829,7559,6592,6245,4645,5765,2961,5884,2124,6119,2078,2377,1194,50,167,0,3,0,0,0,0,20260203
202601,공항철도 1호선,홍대입구,293,17,5194,634,5807,4440,10945,10355,14681,26334,12730,30388,13451,25804,16093,30825,19190,38058,22235,39012,25841,35135,32097,33347,39979,33409,47971,37795,51440,40977,42905,28059,39693,16603,42659,13038,35971,11465,15938,8471,1501,2690,0,0,0,0,0,0,20260203
202602,2호선,홍대입구,742,35,20634,2763,24882,16298,48963,32184,64314,90941,50791,115893,50798,110723,59357,135895,71321,163576,85527,177136,100008,171046,122282,169189,150815,167792,175319,182099,199587,200928,175835,147937,171445,95355,185209,72563,169923,58273,82632,38946,9748,14414,9,1655,0,0,0,0,20260303
202602,경의선,홍대입구,4,0,360,101,720,469,1045,1441,1422,5162,1273,4787,1304,4188,1587,4703,2134,7035,2822,6157,3764,7024,4336,6563,5833,6312,6982,6994,7609,6563,6218,4486,5766,3007,5757,2085,5124,1739,2152,1111,44,183,0,0,0,0,0,0,20260303
202602,공항철도 1호선,홍대입구,208,13,4514,565,4961,3664,9671,8922,12653,22990,11809,26433,12727,24888,15622,31160,17958,37053,20543,37468,25129,34350,31722,32275,39336,31359,45758,35607,49636,36107,42717,25901,38952,15193,40377,12123,32048,10330,14697,7793,1290,2522,1,0,0,0,0,0,20260303
202603,2호선,홍대입구,863,46,24016,3687,30770,19737,64290,44261,85317,123642,66404,168462,65310,129566,74683,146678,87505,166181,102274,179744,114593,172875,139578,173871,172030,184919,200588,214369,225739,251539,194491,180226,188979,118624,210111,93473,200738,76841,99454,50080,12258,18946,18,2041,0,0,0,0,20260403
202603,2호선,홍대입구,863,46,24016,3687,30770,19737,64290,44261,85317,123642,66404,168462,65310,129566,74683,146678,87505,166181,102274,179744,114593,172875,139578,173871,172030,184919,200588,214369,225739,251539,194491,180226,188979,118624,210111,93473,200738,76841,99454,50080,12258,18946,18,2041,0,0,0,0,20260403
202603,경의선,홍대입구,5,1,410,106,869,585,1267,2177,1678,7342,1655,6422,1713,5208,1843,4631,2710,6532,3185,5891,3976,6405,4966,6159,5815,6887,7983,7614,8013,7760,6720,5226,6101,3272,6470,2568,6225,2195,2695,1444,71,172,0,0,0,0,0,0,20260403
202603,경의선,홍대입구,5,1,410,106,869,585,1267,2177,1678,7342,1655,6422,1713,5208,1843,4631,2710,6532,3185,5891,3976,6405,4966,6159,5815,6887,7983,7614,8013,7760,6720,5226,6101,3272,6470,2568,6225,2195,2695,1444,71,172,0,0,0,0,0,0,20260403
202603,공항철도 1호선,홍대입구,331,21,5495,597,6499,4339,12628,11731,16503,30926,15902,34733,16808,29155,19465,32284,21868,36899,23607,37693,27769,33893,34103,33007,41377,35551,49776,41768,53937,44433,45855,30859,42282,18967,44472,15328,37575,13250,17486,9917,1697,3280,0,0,0,0,0,0,20260403
202603,공항철도 1호선,홍대입구,331,21,5495,597,6499,4339,12628,11731,16503,30926,15902,34733,16808,29155,19465,32284,21868,36899,23607,37693,27769,33893,34103,33007,41377,35551,49776,41768,53937,44433,45855,30859,42282,18967,44472,15328,37575,13250,17486,9917,1697,3280,0,0,0,0,0,0,20260403
202604,2호선,홍대입구,746,43,23155,3683,32225,20322,67156,47436,86877,126224,69980,165448,67421,129765,75838,139836,89891,158575,103204,171849,114610,162417,137436,161553,166487,173093,194440,203835,215451,245174,184955,178850,182197,121763,201481,97503,194151,79936,98985,55028,13776,19757,20,2514,0,0,0,0,20260503
202604,경의선,홍대입구,5,0,436,116,841,619,1225,2188,1796,7449,1981,6734,1981,5220,1866,4317,2777,6359,3322,5586,4315,5929,4975,5645,5805,6436,7985,7550,7749,7562,6436,5436,6049,3706,6697,2747,6436,2595,2856,1874,63,263,0,0,0,0,0,0,20260503
202604,공항철도 1호선,홍대입구,295,25,5416,686,7275,4656,13802,12972,17300,32436,16120,35548,17241,29435,19462,31790,22389,36261,24910,36403,28701,32620,34332,32064,40667,33407,47350,39310,51502,43460,43756,30725,40967,19494,44543,15893,38389,14534,17931,12237,1871,3640,0,0,0,0,0,0,20260503
